user_id,name,username,age,gender,user_address,preferred_time_slot,total_booking,cancel_booking,cancel_rate,user_district,min_budget,max_budget,is_banned
1,Lê Đức Nhật,leducnhat_1,18,nữ,"Đường Ông Ích Khiêm, Phường 14, Quận 11",07:00-09:00,55,32,0.582,Quận 11,210000,250000,1
2,Vũ Đức Linh,vuduclinh_2,19,nữ,"Đường Đoàn Văn Bơ, Phường 10, Quận 4",19:00-21:00,59,16,0.271,Quận 4,75000,100000,1
3,Lê Anh My,leanhmy_3,49,nam,"Đường Quang Trung, Phường 8, Quận Gò Vấp",18:00-20:00,48,26,0.542,Quận Gò Vấp,60000,110000,1
4,Võ Gia Sơn,vogiason_4,28,nam,"Đường Quốc Lộ 1A, Phường Hiệp Bình Phước, TP Thủ Đức",08:00-10:00,99,79,0.798,TP Thủ Đức,65000,140000,1
5,Phạm Anh Giang,phamanhgiang_5,35,nữ,"Đường Phạm Thế Hiển, Phường 5, Quận 8",09:00-11:00,13,11,0.846,Quận 8,115000,170000,1
6,Mai Văn Hà,maivanha_6,56,nam,"Đường Hải Thượng Lãn Ông, Phường 13, Quận 5",10:00-12:00,69,59,0.855,Quận 5,200000,225000,1
7,Phan Hồng Giang,phanhonggiang_7,16,nữ,"Đường Nguyễn Tất Thành, Phường 13, Quận 4",20:00-22:00,57,15,0.263,Quận 4,170000,240000,1
8,Lâm Thị Bảo,lamthibao_8,20,nam,"Đường Lò Lu, Phường Trường Thạnh, TP Thủ Đức",10:00-12:00,38,25,0.658,TP Thủ Đức,120000,125000,1
9,Trần Thị Phong,tranthiphong_9,14,không muốn tiết lộ,"Đường Tân Hòa Đông, Phường Bình Trị Đông, Quận Bình Tân",09:00-11:00,61,19,0.311,Quận Bình Tân,85000,200000,1
10,Lý Phú Sơn,lyphuson_10,15,nữ,"Đường Bùi Hữu Nghĩa, Phường 2, Quận Bình Thạnh",20:00-22:00,85,82,0.965,Quận Bình Thạnh,70000,110000,1
11,Lâm Minh Quang,lamminhquang_11,58,nam,"Đường Lò Lu, Phường Trường Thạnh, TP Thủ Đức",19:00-21:00,94,16,0.17,TP Thủ Đức,50000,60000,1
12,Bùi Hoàng Dũng,buihoangdung_12,18,nữ,"Đường Võ Văn Kiệt, Phường 3, Quận 6",14:00-16:00,67,25,0.373,Quận 6,65000,225000,1
13,Hoàng Văn Quyên,hoangvanquyen_13,38,không muốn tiết lộ,"Đường Nguyễn Tri Phương, Phường 5, Quận 10",10:00-12:00,86,32,0.372,Quận 10,65000,200000,1
14,Đỗ Quang Hương,doquanghuong_14,31,nam,"Đường Đông Hưng Thuận 2, Phường Tân Hưng Thuận, Quận 12",19:00-21:00,41,22,0.537,Quận 12,70000,135000,1
15,Bùi Khánh Hân,buikhanhhan_15,17,không muốn tiết lộ,"Đường Tân Sơn, Phường 15, Quận Tân Bình",07:00-09:00,12,8,0.667,Quận Tân Bình,160000,220000,1
16,Bùi Phú An,buiphuan_16,21,nam,"Đường Trường Chinh, Phường Tây Thạnh, Quận Tân Phú",14:00-16:00,45,8,0.178,Quận Tân Phú,110000,115000,1
17,Phạm Văn Bình,phamvanbinh_17,45,nam,"Đường Lý Thường Kiệt, Phường 8, Quận Tân Bình",10:00-12:00,7,5,0.714,Quận Tân Bình,135000,145000,1
18,Lâm Minh Tùng,lamminhtung_18,45,nữ,"Đường Trung Mỹ Tây 13, Phường Trung Mỹ Tây, Quận 12",20:00-22:00,53,28,0.528,Quận 12,85000,95000,1
19,Dương Văn Hải,duongvanhai_19,42,nữ,"Đường Lê Văn Việt, Phường Tân Phú, TP Thủ Đức",10:00-12:00,29,25,0.862,TP Thủ Đức,175000,215000,1
20,Mai Hoàng Trang,maihoangtrang_20,21,nữ,"Đường Lạc Long Quân, Phường 2, Quận 11",16:00-18:00,22,20,0.909,Quận 11,240000,250000,1
21,Lâm Khánh Duy,lamkhanhduy_21,51,nữ,"Đường Huỳnh Tấn Phát, Phường Tân Thuận Đông, Quận 7",18:00-20:00,57,8,0.14,Quận 7,50000,75000,1
22,Lê Hồng Phong,lehongphong_22,54,nam,"Đường Phạm Đình Hổ, Phường 1, Quận 6",09:00-11:00,43,32,0.744,Quận 6,65000,145000,1
23,Nguyễn Tuấn Hùng,nguyentuanhung_23,16,nam,"Đường Ba Tháng Hai, Phường 12, Quận 11",18:00-20:00,84,63,0.75,Quận 11,125000,165000,1
24,Trương Gia Chi,truonggiachi_24,29,nữ,"Đường Cách Mạng Tháng 8, Phường 4, Quận 3",18:00-20:00,18,17,0.944,Quận 3,230000,230000,1
25,Đỗ Ngọc Hà,dongocha_25,34,nữ,"Đường Đoàn Văn Bơ, Phường 16, Quận 4",20:00-22:00,21,12,0.571,Quận 4,155000,215000,1
26,Lê Gia Trí,legiatri_26,52,nam,"Đường Lê Văn Quới, Phường Bình Hưng Hòa A, Quận Bình Tân",09:00-11:00,49,28,0.571,Quận Bình Tân,50000,100000,1
27,Võ Ngọc An,vongocan_27,51,nam,"Đường Bùi Viện, Phường Phạm Ngũ Lão, Quận 1",10:00-12:00,41,32,0.78,Quận 1,105000,205000,1
28,Lâm Hoàng Khánh,lamhoangkhanh_28,52,nữ,"Đường Tô Ký, Phường Trung Mỹ Tây, Quận 12",09:00-11:00,61,42,0.689,Quận 12,215000,220000,1
29,Nguyễn Hoàng Long,nguyenhoanglong_29,50,nam,"Đường Tôn Thất Thuyết, Phường 3, Quận 4",19:00-21:00,65,50,0.769,Quận 4,205000,210000,1
30,Lý Gia Hương,lygiahuong_30,38,nữ,"Đường Lê Văn Sỹ, Phường 11, Quận Phú Nhuận",07:00-09:00,40,18,0.45,Quận Phú Nhuận,195000,205000,1
31,Lý Anh Tùng,lyanhtung_31,21,không muốn tiết lộ,"Đường Phạm Văn Đồng, Phường 3, Quận Gò Vấp",14:00-16:00,27,14,0.519,Quận Gò Vấp,50000,140000,1
32,Phạm Thanh Vân,phamthanhvan_32,36,nam,"Đường Cây Keo, Phường Tam Phú, TP Thủ Đức",19:00-21:00,56,42,0.75,TP Thủ Đức,95000,180000,1
33,Đỗ Gia Huy,dogiahuy_33,48,nữ,"Đường Phạm Thế Hiển, Phường 6, Quận 8",06:00-08:00,99,86,0.869,Quận 8,190000,210000,1
34,Lâm Thanh Hân,lamthanhhan_34,37,nữ,"Đường An Dương Vương, Phường 3, Quận 5",19:00-21:00,94,12,0.128,Quận 5,110000,110000,1
35,Võ Văn Trung,vovantrung_35,59,nam,"Đường Mễ Cốc, Phường 15, Quận 8",14:00-16:00,67,20,0.299,Quận 8,65000,205000,1
36,Huỳnh Ngọc Quân,huynhngocquan_36,20,nam,"Đường 3 Tháng 2, Phường 14, Quận 10",09:00-11:00,94,77,0.819,Quận 10,245000,245000,1
37,Nguyễn Nhật My,nguyennhatmy_37,39,nam,"Đường Bến Vân Đồn, Phường 9, Quận 4",07:00-09:00,94,1,0.011,Quận 4,170000,175000,1
38,Huỳnh Minh Hòa,huynhminhhoa_38,31,nữ,"Đường Nguyễn Văn Trỗi, Phường 11, Quận Phú Nhuận",16:00-18:00,36,25,0.694,Quận Phú Nhuận,75000,190000,1
39,Đặng Khánh Quang,dangkhanhquang_39,53,nữ,"Đường Hàn Hải Nguyên, Phường 9, Quận 11",07:00-09:00,100,99,0.99,Quận 11,245000,245000,1
40,Huỳnh Tuấn Thu,huynhtuanthu_40,38,nam,"Đường Quốc lộ 1A, Phường Bình Hưng Hòa B, Quận Bình Tân",07:00-09:00,14,2,0.143,Quận Bình Tân,170000,245000,1
41,Lý Gia Uyên,lygiauyen_41,21,nam,"Đường Nguyễn Văn Cừ, Phường 2, Quận 5",18:00-20:00,36,5,0.139,Quận 5,205000,220000,1
42,Phạm Khánh Huy,phamkhanhhuy_42,26,không muốn tiết lộ,"Đường Tây Hòa, Phường Phước Long A, TP Thủ Đức",14:00-16:00,21,12,0.571,TP Thủ Đức,195000,240000,1
43,Lâm Thanh Hùng,lamthanhhung_43,26,không muốn tiết lộ,"Đường Thống Nhất, Phường Bình Thọ, TP Thủ Đức",10:00-12:00,73,27,0.37,TP Thủ Đức,110000,215000,1
44,Võ Khánh Trung,vokhanhtrung_44,26,nam,"Đường Lê Văn Việt, Phường Long Thạnh Mỹ, TP Thủ Đức",20:00-22:00,52,35,0.673,TP Thủ Đức,120000,240000,1
45,Nguyễn Gia An,nguyengiaan_45,29,nữ,"Đường Phạm Đình Hổ, Phường 1, Quận 6",19:00-21:00,62,16,0.258,Quận 6,120000,190000,1
46,Đặng Hồng Quân,danghongquan_46,38,nam,"Đường Đường số 7, Phường Bình Trị Đông B, Quận Bình Tân",19:00-21:00,8,1,0.125,Quận Bình Tân,250000,250000,1
47,Mai Đức An,maiducan_47,49,nữ,"Đường Ba Đình, Phường 8, Quận 8",09:00-11:00,32,30,0.938,Quận 8,250000,250000,1
48,Trần Hoàng Trang,tranhoangtrang_48,57,nam,"Đường Lũy Bán Bích, Phường Hòa Thạnh, Quận Tân Phú",18:00-20:00,47,46,0.979,Quận Tân Phú,155000,235000,1
49,Dương Tuấn Phúc,duongtuanphuc_49,52,nữ,"Đường Bình Tây, Phường 3, Quận 6",08:00-10:00,84,77,0.917,Quận 6,160000,165000,1
50,Lâm Nhật Hiếu,lamnhathieu_50,15,nữ,"Đường Nguyễn Văn Linh, Phường Tân Phú, Quận 7",19:00-21:00,95,47,0.495,Quận 7,175000,250000,1
51,Phan Quang Giang,phanquanggiang_51,51,nữ,"Đường Võ Văn Kiệt, Phường An Lạc, Quận Bình Tân",19:00-21:00,40,27,0.675,Quận Bình Tân,85000,135000,1
52,Hoàng Tuấn Khánh,hoangtuankhanh_52,25,nam,"Đường Lê Văn Việt, Phường Tân Phú, TP Thủ Đức",18:00-20:00,60,29,0.483,TP Thủ Đức,205000,240000,1
53,Trần Thanh Chi,tranthanhchi_53,25,nam,"Đường Nguyễn Trãi, Phường 3, Quận 5",20:00-22:00,79,61,0.772,Quận 5,165000,165000,1
54,Nguyễn Đức Mai,nguyenducmai_54,53,nam,"Đường Nguyễn Trãi, Phường Nguyễn Cư Trinh, Quận 1",10:00-12:00,21,10,0.476,Quận 1,65000,145000,1
55,Phạm Minh Mai,phamminhmai_55,54,nam,"Đường Hoàng Diệu, Phường 9, Quận 4",09:00-11:00,45,27,0.6,Quận 4,100000,205000,1
56,Lý Minh Thắng,lyminhthang_56,26,nam,"Đường Kênh Tân Hóa, Phường Hòa Thạnh, Quận Tân Phú",20:00-22:00,54,1,0.019,Quận Tân Phú,155000,200000,1
57,Huỳnh Ngọc Tuấn,huynhngoctuan_57,33,không muốn tiết lộ,"Đường Kênh Tân Hóa, Phường Hòa Thạnh, Quận Tân Phú",16:00-18:00,4,1,0.25,Quận Tân Phú,195000,250000,1
58,Bùi Phú Quyên,buiphuquyen_58,45,nam,"Đường Dương Quảng Hàm, Phường 15, Quận Gò Vấp",14:00-16:00,94,92,0.979,Quận Gò Vấp,120000,175000,1
59,Phạm Khánh Trinh,phamkhanhtrinh_59,23,nam,"Đường Nguyễn Cơ Thạch, Phường Thủ Thiêm, TP Thủ Đức",19:00-21:00,38,25,0.658,TP Thủ Đức,75000,250000,1
60,Lý Minh Hiếu,lyminhhieu_60,41,nữ,"Đường Quốc Lộ 1A, Phường Tân Tạo A, Quận Bình Tân",09:00-11:00,89,7,0.079,Quận Bình Tân,175000,210000,1
61,Hoàng Nhật Sơn,hoangnhatson_61,27,nam,"Đường Phạm Văn Đồng, Phường Linh Đông, TP Thủ Đức",12:00-14:00,30,30,1.0,TP Thủ Đức,165000,200000,1
62,Phan Minh Hòa,phanminhhoa_62,30,nam,"Đường Hải Thượng Lãn Ông, Phường 13, Quận 5",16:00-18:00,53,24,0.453,Quận 5,120000,170000,1
63,Đoàn Tuấn Khánh,doantuankhanh_63,50,nữ,"Đường Nguyễn Thượng Hiền, Phường 5, Quận 3",07:00-09:00,45,38,0.844,Quận 3,210000,220000,1
64,Lê Phú Loan,lephuloan_64,25,nữ,"Đường Phạm Văn Chí, Phường 7, Quận 6",14:00-16:00,5,4,0.8,Quận 6,55000,185000,1
65,Trần Thị Loan,tranthiloan_65,18,nữ,"Đường Phạm Thế Hiển, Phường 7, Quận 8",08:00-10:00,69,61,0.884,Quận 8,240000,250000,1
66,Trần Anh Long,trananhlong_66,35,nữ,"Đường Lê Hồng Phong, Phường 1, Quận 10",14:00-16:00,5,5,1.0,Quận 10,165000,195000,1
67,Huỳnh Hoàng Uyên,huynhhoanguyen_67,46,nữ,"Đường Bến Bình Đông, Phường 8, Quận 8",10:00-12:00,38,16,0.421,Quận 8,245000,245000,1
68,Võ Thanh Trang,vothanhtrang_68,44,nam,"Đường Bạch Đằng, Phường 2, Quận Tân Bình",09:00-11:00,61,15,0.246,Quận Tân Bình,75000,185000,1
69,Dương Anh Thắng,duonganhthang_69,20,nam,"Đường Chu Văn An, Phường 12, Quận Bình Thạnh",18:00-20:00,69,8,0.116,Quận Bình Thạnh,200000,215000,1
70,Hoàng Ngọc Hân,hoangngochan_70,47,nam,"Đường Bến Vân Đồn, Phường 2, Quận 4",07:00-09:00,96,52,0.542,Quận 4,140000,155000,1
71,Mai Ngọc Giang,maingocgiang_71,46,nữ,"Đường Ba Tháng Hai, Phường 7, Quận 11",20:00-22:00,47,46,0.979,Quận 11,200000,230000,1
72,Đặng Quang Lan,dangquanglan_72,29,nam,"Đường Nguyễn Thượng Hiền, Phường 5, Quận 3",07:00-09:00,8,1,0.125,Quận 3,205000,210000,1
73,Lê Tuấn Giang,letuangiang_73,33,nữ,"Đường Lũy Bán Bích, Phường Tân Thành, Quận Tân Phú",08:00-10:00,34,20,0.588,Quận Tân Phú,220000,220000,1
74,Lâm Anh Trang,lamanhtrang_74,19,nam,"Đường Phạm Văn Chiêu, Phường 9, Quận Gò Vấp",14:00-16:00,18,14,0.778,Quận Gò Vấp,195000,240000,1
75,Trương Anh Thư,truonganhthu_75,30,nam,"Đường Hoàng Sa, Phường 11, Quận 3",20:00-22:00,99,35,0.354,Quận 3,240000,240000,1
76,Huỳnh Văn Hiếu,huynhvanhieu_76,39,không muốn tiết lộ,"Đường Châu Văn Liêm, Phường 14, Quận 5",14:00-16:00,52,14,0.269,Quận 5,215000,245000,1
77,Đặng Tuấn Bảo,dangtuanbao_77,24,nam,"Đường Võ Chí Công, Phường Phú Hữu, TP Thủ Đức",18:00-20:00,82,23,0.28,TP Thủ Đức,60000,85000,1
78,Trần Hồng Trung,tranhongtrung_78,37,không muốn tiết lộ,"Đường Khánh Hội, Phường 2, Quận 4",19:00-21:00,40,2,0.05,Quận 4,240000,240000,1
79,Lý Thị Anh,lythianh_79,15,nam,"Đường Trần Văn Đang, Phường 11, Quận 3",07:00-09:00,50,30,0.6,Quận 3,240000,240000,1
80,Võ Văn Hải,vovanhai_80,48,nam,"Đường Tạ Quang Bửu, Phường 5, Quận 8",06:00-08:00,3,3,1.0,Quận 8,125000,165000,1
81,Đỗ Thanh Lan,dothanhlan_81,60,nam,"Đường An Phú Đông 09, Phường An Phú Đông, Quận 12",20:00-22:00,81,53,0.654,Quận 12,150000,240000,1
82,Nguyễn Đức Thắng,nguyenducthang_82,27,nữ,"Đường Bình Phú, Phường 11, Quận 6",09:00-11:00,8,2,0.25,Quận 6,105000,160000,1
83,Hoàng Quang Loan,hoangquangloan_83,47,nữ,"Đường Kinh Dương Vương, Phường 13, Quận 6",12:00-14:00,95,4,0.042,Quận 6,150000,250000,1
84,Vũ Đức An,vuducan_84,56,nam,"Đường Tân Quý, Phường Tân Quý, Quận Tân Phú",06:00-08:00,6,0,0.0,Quận Tân Phú,145000,190000,1
85,Đặng Gia Bình,danggiabinh_85,23,nữ,"Đường Võ Chí Công, Phường Phú Hữu, TP Thủ Đức",07:00-09:00,38,19,0.5,TP Thủ Đức,145000,150000,1
86,Hoàng Phú Mai,hoangphumai_86,37,nam,"Đường Bình Phú, Phường 11, Quận 6",09:00-11:00,65,42,0.646,Quận 6,235000,245000,1
87,Nguyễn Anh Châu,nguyenanhchau_87,39,nam,"Đường Nguyễn Huệ, Phường Bến Nghé, Quận 1",08:00-10:00,9,5,0.556,Quận 1,95000,120000,1
88,Hoàng Khánh Phát,hoangkhanhphat_88,47,nữ,"Đường Phạm Văn Chiêu, Phường 9, Quận Gò Vấp",14:00-16:00,9,8,0.889,Quận Gò Vấp,85000,140000,1
89,Hoàng Hoàng My,hoanghoangmy_89,33,không muốn tiết lộ,"Đường Đoàn Văn Bơ, Phường 18, Quận 4",14:00-16:00,29,6,0.207,Quận 4,250000,250000,1
90,Vũ Gia Uyên,vugiauyen_90,48,nam,"Đường Lạc Long Quân, Phường 3, Quận 11",14:00-16:00,23,14,0.609,Quận 11,100000,235000,1
91,Đỗ Văn Mai,dovanmai_91,58,nam,"Đường Âu Cơ, Phường 10, Quận Tân Bình",19:00-21:00,30,5,0.167,Quận Tân Bình,245000,250000,1
92,Bùi Nhật Thắng,buinhatthang_92,57,nữ,"Đường Hoàng Hữu Nam, Phường Long Bình, TP Thủ Đức",19:00-21:00,67,10,0.149,TP Thủ Đức,240000,240000,1
93,Huỳnh Hoàng Trí,huynhhoangtri_93,15,nam,"Đường Cộng Hòa, Phường 13, Quận Tân Bình",06:00-08:00,83,17,0.205,Quận Tân Bình,150000,185000,1
94,Lê Thanh Hương,lethanhhuong_94,52,nữ,"Đường Trần Hưng Đạo, Phường 6, Quận 5",12:00-14:00,14,12,0.857,Quận 5,150000,250000,1
95,Trương Hồng Việt,truonghongviet_95,32,nữ,"Đường Lạc Long Quân, Phường 8, Quận Tân Bình",10:00-12:00,18,9,0.5,Quận Tân Bình,165000,240000,1
96,Trương Hoàng Hương,truonghoanghuong_96,48,nữ,"Đường Nguyễn Oanh, Phường 6, Quận Gò Vấp",14:00-16:00,85,35,0.412,Quận Gò Vấp,225000,230000,1
97,Mai Văn Nga,maivannga_97,56,nam,"Đường Vũ Tùng, Phường 1, Quận Bình Thạnh",14:00-16:00,79,79,1.0,Quận Bình Thạnh,145000,150000,1
98,Phan Văn An,phanvanan_98,25,nữ,"Đường Phước Thiện, Phường Long Bình, TP Thủ Đức",12:00-14:00,28,4,0.143,TP Thủ Đức,230000,240000,1
99,Trần Phú Hương,tranphuhuong_99,43,nam,"Đường Cách Mạng Tháng 8, Phường 6, Quận Tân Bình",18:00-20:00,81,62,0.765,Quận Tân Bình,140000,225000,1
100,Đặng Minh Dũng,dangminhdung_100,53,nam,"Đường Tô Ký, Phường Trung Mỹ Tây, Quận 12",12:00-14:00,93,88,0.946,Quận 12,125000,135000,1
101,Lâm Đức Quang,lamducquang_101,24,nữ,"Đường Lý Thái Tổ, Phường 9, Quận 10",20:00-22:00,15,1,0.067,Quận 10,115000,120000,1
102,Võ Hoàng Phát,vohoangphat_102,27,không muốn tiết lộ,"Đường Kha Vạn Cân, Phường Linh Tây, TP Thủ Đức",16:00-18:00,72,42,0.583,TP Thủ Đức,205000,205000,1
103,Lý Nhật My,lynhatmy_103,51,nữ,"Đường Lê Văn Việt, Phường Hiệp Phú, TP Thủ Đức",20:00-22:00,61,57,0.934,TP Thủ Đức,165000,230000,1
104,Trương Minh Phong,truongminhphong_104,47,nam,"Đường Thanh Đa, Phường 28, Quận Bình Thạnh",10:00-12:00,22,3,0.136,Quận Bình Thạnh,205000,235000,1
105,Trương Văn Hùng,truongvanhung_105,46,không muốn tiết lộ,"Đường Tân Vĩnh, Phường 6, Quận 4",08:00-10:00,72,37,0.514,Quận 4,215000,245000,1
106,Huỳnh Minh Tuấn,huynhminhtuan_106,25,nữ,"Đường Hậu Giang, Phường 6, Quận 6",16:00-18:00,63,17,0.27,Quận 6,210000,225000,1
107,Đặng Văn Trinh,dangvantrinh_107,21,nữ,"Đường Lý Thái Tổ, Phường 9, Quận 10",08:00-10:00,75,6,0.08,Quận 10,120000,245000,1
108,Lâm Tuấn Khánh,lamtuankhanh_108,39,nam,"Đường Lò Gốm, Phường 4, Quận 6",08:00-10:00,18,9,0.5,Quận 6,105000,250000,1
109,Vũ Hoàng Ngọc,vuhoangngoc_109,58,nam,"Đường Phan Văn Trị, Phường 11, Quận Bình Thạnh",18:00-20:00,3,1,0.333,Quận Bình Thạnh,80000,135000,1
110,Trương Hoàng Châu,truonghoangchau_110,56,nam,"Đường Bà Hom, Phường 13, Quận 6",14:00-16:00,82,27,0.329,Quận 6,170000,185000,1
111,Trần Gia Thảo,trangiathao_111,41,nam,"Đường Đặng Văn Bi, Phường Trường Thọ, TP Thủ Đức",18:00-20:00,78,41,0.526,TP Thủ Đức,175000,230000,1
112,Mai Minh Hà,maiminhha_112,32,nam,"Đường Nguyễn Xí, Phường 13, Quận Bình Thạnh",10:00-12:00,77,2,0.026,Quận Bình Thạnh,195000,220000,1
113,Đỗ Tuấn Hương,dotuanhuong_113,20,nam,"Đường Phạm Ngũ Lão, Phường Phạm Ngũ Lão, Quận 1",08:00-10:00,19,12,0.632,Quận 1,140000,140000,1
114,Trương Hoàng Yến,truonghoangyen_114,56,nữ,"Đường Hoàng Văn Thụ, Phường 3, Quận Tân Bình",06:00-08:00,3,1,0.333,Quận Tân Bình,245000,250000,1
115,Lê Anh Chi,leanhchi_115,24,nam,"Đường Trường Sa, Phường 13, Quận Phú Nhuận",08:00-10:00,73,48,0.658,Quận Phú Nhuận,250000,250000,1
116,Vũ Khánh Hiếu,vukhanhhieu_116,60,nam,"Đường Cây Keo, Phường Tam Phú, TP Thủ Đức",18:00-20:00,47,26,0.553,TP Thủ Đức,110000,150000,1
117,Lê Khánh Hải,lekhanhhai_117,16,nữ,"Đường 3 Tháng 2, Phường 14, Quận 10",19:00-21:00,93,83,0.892,Quận 10,230000,240000,1
118,Võ Hoàng Phát,vohoangphat_118,52,nữ,"Đường Nguyễn Văn Linh, Phường Tân Phú, Quận 7",20:00-22:00,72,24,0.333,Quận 7,95000,185000,1
119,Phạm Đức Trí,phamductri_119,21,nữ,"Đường Nguyễn Văn Đậu, Phường 6, Quận Bình Thạnh",06:00-08:00,28,14,0.5,Quận Bình Thạnh,100000,130000,1
120,Trần Hoàng Châu,tranhoangchau_120,18,nữ,"Đường Hồng Bàng, Phường 14, Quận 5",19:00-21:00,63,62,0.984,Quận 5,95000,150000,1
121,Huỳnh Phú Thắng,huynhphuthang_121,43,không muốn tiết lộ,"Đường Thống Nhất, Phường 10, Quận Gò Vấp",07:00-09:00,56,2,0.036,Quận Gò Vấp,155000,240000,1
122,Đặng Khánh Trinh,dangkhanhtrinh_122,40,nam,"Đường 3 Tháng 2, Phường 14, Quận 10",07:00-09:00,8,5,0.625,Quận 10,250000,250000,1
123,Phạm Khánh Lan,phamkhanhlan_123,43,nam,"Đường Huỳnh Mẫn Đạt, Phường 3, Quận 5",18:00-20:00,58,57,0.983,Quận 5,190000,200000,1
124,Trương Hoàng Hà,truonghoangha_124,32,nam,"Đường Lã Xuân Oai, Phường Long Trường, TP Thủ Đức",07:00-09:00,61,16,0.262,TP Thủ Đức,235000,240000,1
125,Dương Khánh Thắng,duongkhanhthang_125,25,nữ,"Đường Nguyễn Tất Thành, Phường 18, Quận 4",16:00-18:00,21,4,0.19,Quận 4,125000,170000,1
126,Lý Anh Hân,lyanhhan_126,16,nữ,"Đường Nguyễn Cơ Thạch, Phường Thủ Thiêm, TP Thủ Đức",16:00-18:00,37,21,0.568,TP Thủ Đức,175000,185000,1
127,Trương Gia Thu,truonggiathu_127,47,nữ,"Đường Tháp Mười, Phường 2, Quận 6",16:00-18:00,69,5,0.072,Quận 6,220000,240000,1
128,Trần Hoàng Thảo,tranhoangthao_128,15,nam,"Đường Quốc Lộ 13, Phường Hiệp Bình Phước, TP Thủ Đức",08:00-10:00,92,61,0.663,TP Thủ Đức,135000,135000,1
129,Phạm Nhật Nga,phamnhatnga_129,39,nam,"Đường Đoàn Văn Bơ, Phường 10, Quận 4",09:00-11:00,27,21,0.778,Quận 4,70000,160000,1
130,Nguyễn Gia Nhật,nguyengianhat_130,30,nam,"Đường Gia Phú, Phường 3, Quận 6",19:00-21:00,92,20,0.217,Quận 6,125000,220000,1
131,Trần Nhật Anh,trannhatanh_131,30,nam,"Đường Trường Sa, Phường 2, Quận Phú Nhuận",19:00-21:00,92,46,0.5,Quận Phú Nhuận,185000,245000,1
132,Đoàn Thanh Thắng,doanthanhthang_132,35,nam,"Đường Ba Tháng Hai, Phường 6, Quận 11",06:00-08:00,35,17,0.486,Quận 11,65000,230000,1
133,Trần Văn Hân,tranvanhan_133,59,nam,"Đường Cách Mạng Tháng 8, Phường 11, Quận 3",09:00-11:00,49,30,0.612,Quận 3,80000,210000,1
134,Vũ Văn Khánh,vuvankhanh_134,46,nam,"Đường Lũy Bán Bích, Phường Phú Thọ Hòa, Quận Tân Phú",16:00-18:00,96,70,0.729,Quận Tân Phú,240000,250000,1
135,Lâm Gia Phúc,lamgiaphuc_135,19,nữ,"Đường Âu Cơ, Phường Phú Trung, Quận Tân Phú",20:00-22:00,11,2,0.182,Quận Tân Phú,220000,230000,1
136,Đặng Nhật Yến,dangnhatyen_136,46,không muốn tiết lộ,"Đường Trần Quang Diệu, Phường 13, Quận 3",14:00-16:00,50,19,0.38,Quận 3,140000,240000,1
137,Đoàn Anh Nhật,doananhnhat_137,20,nữ,"Đường Đề Thám, Phường Phạm Ngũ Lão, Quận 1",14:00-16:00,58,57,0.983,Quận 1,155000,240000,1
138,Đặng Phú Duy,dangphuduy_138,35,nữ,"Đường An Dương Vương, Phường 14, Quận 6",09:00-11:00,12,10,0.833,Quận 6,210000,250000,1
139,Hoàng Hồng Quyên,hoanghongquyen_139,30,nam,"Đường Lạc Long Quân, Phường 11, Quận Tân Bình",18:00-20:00,20,10,0.5,Quận Tân Bình,175000,235000,1
140,Vũ Khánh Giang,vukhanhgiang_140,20,nữ,"Đường Hoàng Hoa Thám, Phường 5, Quận Phú Nhuận",07:00-09:00,55,11,0.2,Quận Phú Nhuận,110000,120000,1
141,Mai Ngọc Yến,maingocyen_141,21,nam,"Đường Đại lộ Võ Văn Kiệt, Phường 13, Quận 5",18:00-20:00,21,0,0.0,Quận 5,120000,120000,1
142,Huỳnh Anh Hòa,huynhanhhoa_142,59,nam,"Đường Thích Quảng Đức, Phường 4, Quận Phú Nhuận",19:00-21:00,66,66,1.0,Quận Phú Nhuận,100000,230000,1
143,Vũ Minh Hương,vuminhhuong_143,50,nữ,"Đường Bến Bình Đông, Phường 11, Quận 8",09:00-11:00,52,16,0.308,Quận 8,115000,230000,1
144,Trương Thị My,truongthimy_144,58,nữ,"Đường Lê Văn Sỹ, Phường 13, Quận Phú Nhuận",06:00-08:00,51,19,0.373,Quận Phú Nhuận,230000,240000,1
145,Nguyễn Thị Quân,nguyenthiquan_145,31,nam,"Đường Mai Chí Thọ, Phường An Lợi Đông, TP Thủ Đức",19:00-21:00,73,23,0.315,TP Thủ Đức,250000,250000,1
146,Võ Khánh Thu,vokhanhthu_146,20,nam,"Đường Nguyễn Văn Trỗi, Phường 8, Quận Phú Nhuận",20:00-22:00,66,54,0.818,Quận Phú Nhuận,100000,155000,1
147,Dương Khánh Linh,duongkhanhlinh_147,20,nam,"Đường Đỗ Quang Đẩu, Phường Phạm Ngũ Lão, Quận 1",07:00-09:00,82,79,0.963,Quận 1,205000,240000,1
148,Nguyễn Phú Nga,nguyenphunga_148,59,nữ,"Đường Lê Văn Sỹ, Phường 14, Quận 3",19:00-21:00,51,38,0.745,Quận 3,105000,220000,1
149,Đỗ Quang Quân,doquangquan_149,39,nam,"Đường Nguyễn Xí, Phường 13, Quận Bình Thạnh",07:00-09:00,46,6,0.13,Quận Bình Thạnh,165000,165000,1
150,Đặng Hồng Duy,danghongduy_150,18,nữ,"Đường Vĩnh Viễn, Phường 4, Quận 10",08:00-10:00,58,2,0.034,Quận 10,175000,240000,1
151,Lê Quang Hòa,lequanghoa_151,47,không muốn tiết lộ,"Đường Nơ Trang Long, Phường 7, Quận Bình Thạnh",07:00-09:00,92,41,0.446,Quận Bình Thạnh,150000,225000,1
152,Lê Khánh Minh,lekhanhminh_152,14,nam,"Đường Trần Hưng Đạo, Phường Nguyễn Cư Trinh, Quận 1",09:00-11:00,8,7,0.875,Quận 1,55000,215000,1
153,Đoàn Nhật Nga,doannhatnga_153,18,nữ,"Đường Bến Vân Đồn, Phường 1, Quận 4",19:00-21:00,83,44,0.53,Quận 4,165000,175000,1
154,Đặng Văn Nhật,dangvannhat_154,30,nữ,"Đường Hoàng Sa, Phường 5, Quận Tân Bình",06:00-08:00,40,3,0.075,Quận Tân Bình,50000,55000,1
155,Bùi Quang Giang,buiquanggiang_155,31,nam,"Đường Nguyễn Tất Thành, Phường 14, Quận 4",08:00-10:00,75,22,0.293,Quận 4,155000,170000,1
156,Nguyễn Minh Quang,nguyenminhquang_156,28,nam,"Đường Lê Văn Việt, Phường Tăng Nhơn Phú A, TP Thủ Đức",16:00-18:00,17,9,0.529,TP Thủ Đức,80000,235000,1
157,Trương Thanh Hiếu,truongthanhhieu_157,26,nữ,"Đường Quốc Lộ 1A, Phường Tân Tạo, Quận Bình Tân",06:00-08:00,31,11,0.355,Quận Bình Tân,160000,185000,1
158,Lê Khánh Loan,lekhanhloan_158,40,nam,"Đường Tháp Mười, Phường 2, Quận 6",20:00-22:00,9,7,0.778,Quận 6,145000,175000,1
159,Võ Hồng Tùng,vohongtung_159,59,nam,"Đường Huỳnh Văn Bánh, Phường 13, Quận 3",08:00-10:00,13,11,0.846,Quận 3,120000,220000,1
160,Lê Quang An,lequangan_160,33,không muốn tiết lộ,"Đường Tân Sơn, Phường 8, Quận Gò Vấp",14:00-16:00,31,16,0.516,Quận Gò Vấp,50000,55000,1
161,Phan Tuấn Yến,phantuanyen_161,51,nữ,"Đường Trường Sa, Phường 2, Quận Phú Nhuận",19:00-21:00,7,7,1.0,Quận Phú Nhuận,225000,240000,1
162,Trương Anh Minh,truonganhminh_162,18,nam,"Đường Phạm Văn Chiêu, Phường 13, Quận Gò Vấp",07:00-09:00,86,9,0.105,Quận Gò Vấp,95000,215000,1
163,Đỗ Thị Lan,dothilan_163,57,nam,"Đường Huỳnh Tấn Phát, Phường Phú Thuận, Quận 7",07:00-09:00,67,27,0.403,Quận 7,80000,220000,1
164,Lê Nhật Việt,lenhatviet_164,52,nam,"Đường Hoàng Minh Giám, Phường 4, Quận Phú Nhuận",07:00-09:00,8,1,0.125,Quận Phú Nhuận,125000,200000,1
165,Trương Nhật Châu,truongnhatchau_165,60,nữ,"Đường Huỳnh Mẫn Đạt, Phường 3, Quận 5",09:00-11:00,52,34,0.654,Quận 5,220000,220000,1
166,Huỳnh Thanh Hùng,huynhthanhhung_166,30,nữ,"Đường Quốc Lộ 1K, Phường Linh Xuân, TP Thủ Đức",12:00-14:00,63,55,0.873,TP Thủ Đức,115000,180000,1
167,Lý Quang Hải,lyquanghai_167,33,không muốn tiết lộ,"Đường Nguyễn Thị Thập, Phường Tân Quy, Quận 7",06:00-08:00,47,41,0.872,Quận 7,220000,230000,1
168,Hoàng Anh Anh,hoanganhanh_168,38,nam,"Đường Bưng Ông Thoàn, Phường Phú Hữu, TP Thủ Đức",09:00-11:00,95,65,0.684,TP Thủ Đức,190000,205000,1
169,Bùi Hồng Quân,buihongquan_169,17,nữ,"Đường Thạnh Xuân 25, Phường Thạnh Xuân, Quận 12",10:00-12:00,66,66,1.0,Quận 12,180000,205000,1
170,Lê Thị An,lethian_170,53,nam,"Đường Hồng Bàng, Phường 1, Quận 11",20:00-22:00,94,63,0.67,Quận 11,80000,245000,1
171,Hoàng Văn Chi,hoangvanchi_171,50,nam,"Đường Tên Lửa, Phường An Lạc A, Quận Bình Tân",09:00-11:00,22,11,0.5,Quận Bình Tân,100000,210000,1
172,Bùi Ngọc Uyên,buingocuyen_172,36,nam,"Đường Tân Thuận, Phường Tân Thuận Tây, Quận 7",06:00-08:00,29,14,0.483,Quận 7,215000,235000,1
173,Võ Thanh Thu,vothanhthu_173,45,không muốn tiết lộ,"Đường Nguyễn Thị Tần, Phường 2, Quận 8",16:00-18:00,9,6,0.667,Quận 8,135000,165000,1
174,Lý Tuấn Ngân,lytuanngan_174,38,nữ,"Đường Gò Xoài, Phường Bình Hưng Hòa A, Quận Bình Tân",07:00-09:00,94,68,0.723,Quận Bình Tân,145000,225000,1
175,Đoàn Anh Hiếu,doananhhieu_175,33,nữ,"Đường Hà Huy Giáp, Phường Thạnh Lộc, Quận 12",18:00-20:00,53,12,0.226,Quận 12,225000,250000,1
176,Phan Văn Hân,phanvanhan_176,16,nữ,"Đường Long Phước, Phường Long Phước, TP Thủ Đức",14:00-16:00,2,2,1.0,TP Thủ Đức,95000,225000,1
177,Đặng Gia Trang,danggiatrang_177,32,nam,"Đường Lãnh Binh Thăng, Phường 11, Quận 11",18:00-20:00,55,29,0.527,Quận 11,230000,245000,1
178,Phạm Nhật Trung,phamnhattrung_178,20,nam,"Đường Triệu Quang Phục, Phường 10, Quận 5",08:00-10:00,93,58,0.624,Quận 5,65000,215000,1
179,Huỳnh Minh Phát,huynhminhphat_179,37,nữ,"Đường An Dương Vương, Phường 12, Quận 6",07:00-09:00,14,0,0.0,Quận 6,155000,195000,1
180,Đoàn Hồng Huy,doanhonghuy_180,14,nữ,"Đường Nguyễn Ảnh Thủ, Phường Tân Chánh Hiệp, Quận 12",09:00-11:00,21,3,0.143,Quận 12,210000,215000,1
181,Trần Thị Trung,tranthitrung_181,56,nam,"Đường Bình Thới, Phường 10, Quận 11",14:00-16:00,69,23,0.333,Quận 11,235000,245000,1
182,Phạm Hồng Hương,phamhonghuong_182,48,nam,"Đường Trần Hưng Đạo, Phường Cầu Kho, Quận 1",08:00-10:00,97,10,0.103,Quận 1,165000,235000,1
183,Nguyễn Minh Hiếu,nguyenminhhieu_183,41,nữ,"Đường Xa Lộ Hà Nội, Phường An Phú, TP Thủ Đức",19:00-21:00,90,88,0.978,TP Thủ Đức,95000,235000,1
184,Vũ Văn Quyên,vuvanquyen_184,17,nữ,"Đường Dương Quảng Hàm, Phường 5, Quận Gò Vấp",12:00-14:00,66,42,0.636,Quận Gò Vấp,235000,250000,1
185,Lê Nhật Tuấn,lenhattuan_185,15,nam,"Đường Cao Thắng, Phường 11, Quận 10",10:00-12:00,16,3,0.188,Quận 10,175000,250000,1
186,Hoàng Tuấn Trí,hoangtuantri_186,60,nam,"Đường Lê Văn Khương, Phường Hiệp Thành, Quận 12",09:00-11:00,63,11,0.175,Quận 12,150000,245000,1
187,Trương Ngọc Thảo,truongngocthao_187,34,nữ,"Đường Bến Bình Đông, Phường 8, Quận 8",14:00-16:00,82,14,0.171,Quận 8,70000,165000,1
188,Lâm Hồng Minh,lamhongminh_188,33,không muốn tiết lộ,"Đường Tân Vĩnh, Phường 4, Quận 4",07:00-09:00,24,9,0.375,Quận 4,140000,250000,1
189,Phạm Minh Hân,phamminhhan_189,44,nữ,"Đường Lã Xuân Oai, Phường Long Trường, TP Thủ Đức",09:00-11:00,78,9,0.115,TP Thủ Đức,65000,190000,1
190,Võ Hoàng Mai,vohoangmai_190,25,không muốn tiết lộ,"Đường Hưng Phú, Phường 9, Quận 8",18:00-20:00,64,34,0.531,Quận 8,135000,145000,1
191,Nguyễn Thị Linh,nguyenthilinh_191,56,nam,"Đường Ba Vân, Phường 14, Quận Tân Bình",18:00-20:00,91,11,0.121,Quận Tân Bình,75000,235000,1
192,Trần Hồng Trung,tranhongtrung_192,30,nam,"Đường Quốc Lộ 22, Phường Trung Mỹ Tây, Quận 12",14:00-16:00,89,57,0.64,Quận 12,140000,195000,1
193,Đoàn Phú Thắng,doanphuthang_193,34,không muốn tiết lộ,"Đường Quang Trung, Phường 8, Quận Gò Vấp",20:00-22:00,58,58,1.0,Quận Gò Vấp,80000,80000,1
194,Lê Ngọc Vân,lengocvan_194,32,nữ,"Đường Quốc Lộ 1A, Phường Linh Xuân, TP Thủ Đức",07:00-09:00,37,26,0.703,TP Thủ Đức,205000,250000,1
195,Huỳnh Văn Hùng,huynhvanhung_195,18,nữ,"Đường Nguyễn Văn Trỗi, Phường 15, Quận Phú Nhuận",09:00-11:00,98,77,0.786,Quận Phú Nhuận,110000,110000,1
196,Đặng Quang Dũng,dangquangdung_196,20,nữ,"Đường Tân Kỳ Tân Quý, Phường Tân Quý, Quận Tân Phú",06:00-08:00,33,25,0.758,Quận Tân Phú,175000,200000,1
197,Huỳnh Khánh Quyên,huynhkhanhquyen_197,59,nam,"Đường Hoàng Diệu, Phường 9, Quận 4",20:00-22:00,53,6,0.113,Quận 4,110000,240000,1
198,Đoàn Anh Khánh,doananhkhanh_198,19,nam,"Đường Phạm Thế Hiển, Phường 3, Quận 8",12:00-14:00,97,64,0.66,Quận 8,115000,200000,1
199,Lý Minh Trung,lyminhtrung_199,26,nữ,"Đường Song Hành, Phường Tân Hưng Thuận, Quận 12",08:00-10:00,27,23,0.852,Quận 12,80000,240000,1
200,Vũ Tuấn Long,vutuanlong_200,17,nam,"Đường Thanh Đa, Phường 27, Quận Bình Thạnh",20:00-22:00,33,11,0.333,Quận Bình Thạnh,90000,240000,1
201,Lý Anh Khánh,lyanhkhanh_201,44,nữ,"Đường Trần Trọng Cung, Phường Tân Thuận Đông, Quận 7",12:00-14:00,79,46,0.582,Quận 7,100000,150000,1
202,Bùi Đức Hà,buiducha_202,53,nữ,"Đường Lê Văn Quới, Phường Bình Trị Đông A, Quận Bình Tân",06:00-08:00,27,9,0.333,Quận Bình Tân,105000,245000,1
203,Phan Phú Hân,phanphuhan_203,47,nữ,"Đường Nguyễn Trãi, Phường 3, Quận 5",16:00-18:00,12,8,0.667,Quận 5,155000,175000,1
204,Nguyễn Thanh Việt,nguyenthanhviet_204,36,nam,"Đường Trần Quang Diệu, Phường 13, Quận 3",18:00-20:00,77,38,0.494,Quận 3,220000,230000,1
205,Huỳnh Anh Phong,huynhanhphong_205,36,nam,"Đường Phan Đăng Lưu, Phường 7, Quận Phú Nhuận",08:00-10:00,60,37,0.617,Quận Phú Nhuận,115000,210000,1
206,Đặng Hoàng Sơn,danghoangson_206,45,nam,"Đường Nguyên Hồng, Phường 1, Quận Gò Vấp",07:00-09:00,68,41,0.603,Quận Gò Vấp,100000,250000,1
207,Vũ Thị Hùng,vuthihung_207,43,không muốn tiết lộ,"Đường Phan Văn Trị, Phường 10, Quận Gò Vấp",14:00-16:00,51,8,0.157,Quận Gò Vấp,225000,230000,1
208,Huỳnh Hoàng Hải,huynhhoanghai_208,26,nam,"Đường Lạc Long Quân, Phường 8, Quận Tân Bình",19:00-21:00,99,80,0.808,Quận Tân Bình,215000,245000,1
209,Huỳnh Gia Thu,huynhgiathu_209,54,nam,"Đường Nguyễn Thượng Hiền, Phường 5, Quận Bình Thạnh",19:00-21:00,18,3,0.167,Quận Bình Thạnh,130000,155000,1
210,Võ Anh Ngân,voanhngan_210,16,nam,"Đường Đường số 7, Phường Bình Trị Đông B, Quận Bình Tân",16:00-18:00,23,10,0.435,Quận Bình Tân,100000,135000,1
211,Đoàn Tuấn Khánh,doantuankhanh_211,18,nữ,"Đường Chợ Lớn, Phường 11, Quận 6",20:00-22:00,52,29,0.558,Quận 6,185000,200000,1
212,Lý Ngọc Hòa,lyngochoa_212,54,nam,"Đường Hoàng Văn Thụ, Phường 1, Quận Tân Bình",18:00-20:00,14,10,0.714,Quận Tân Bình,120000,230000,1
213,Lý Hồng Huy,lyhonghuy_213,46,nữ,"Đường Hoàng Diệu 2, Phường Linh Chiểu, TP Thủ Đức",16:00-18:00,3,0,0.0,TP Thủ Đức,140000,240000,1
214,Hoàng Đức Vân,hoangducvan_214,15,nam,"Đường Minh Phụng, Phường 5, Quận 6",07:00-09:00,98,98,1.0,Quận 6,80000,90000,1
215,Phan Khánh Nam,phankhanhnam_215,18,nam,"Đường Lý Thái Tổ, Phường 9, Quận 10",20:00-22:00,93,57,0.613,Quận 10,115000,250000,1
216,Nguyễn Phú Phát,nguyenphuphat_216,28,nam,"Đường Lê Văn Khương, Phường Thới An, Quận 12",19:00-21:00,92,55,0.598,Quận 12,135000,165000,1
217,Huỳnh Gia Hùng,huynhgiahung_217,60,nữ,"Đường Tỉnh Lộ 43, Phường Bình Chiểu, TP Thủ Đức",12:00-14:00,59,13,0.22,TP Thủ Đức,250000,250000,1
218,Huỳnh Văn Ngân,huynhvanngan_218,24,nam,"Đường Đề Thám, Phường Phạm Ngũ Lão, Quận 1",16:00-18:00,31,0,0.0,Quận 1,55000,135000,1
219,Bùi Hoàng Minh,buihoangminh_219,40,nữ,"Đường Kinh Dương Vương, Phường An Lạc, Quận Bình Tân",12:00-14:00,22,8,0.364,Quận Bình Tân,120000,135000,1
220,Mai Văn Long,maivanlong_220,20,nữ,"Đường Long Phước, Phường Long Phước, TP Thủ Đức",16:00-18:00,53,17,0.321,TP Thủ Đức,100000,140000,1
221,Mai Nhật Trang,mainhattrang_221,25,nữ,"Đường Hà Huy Giáp, Phường Thạnh Xuân, Quận 12",19:00-21:00,56,6,0.107,Quận 12,140000,240000,1
222,Bùi Ngọc Duy,buingocduy_222,32,nam,"Đường Hiệp Bình, Phường Hiệp Bình Phước, TP Thủ Đức",20:00-22:00,6,3,0.5,TP Thủ Đức,85000,165000,1
223,Võ Thị Phát,vothiphat_223,24,nam,"Đường Lê Lợi, Phường Bến Thành, Quận 1",12:00-14:00,23,7,0.304,Quận 1,75000,230000,1
224,Võ Phú Hà,vophuha_224,56,nam,"Đường Lương Định Của, Phường An Phú, TP Thủ Đức",16:00-18:00,99,65,0.657,TP Thủ Đức,145000,250000,1
225,Võ Tuấn Bảo,votuanbao_225,42,nam,"Đường Hương Lộ 2, Phường Bình Trị Đông A, Quận Bình Tân",10:00-12:00,13,8,0.615,Quận Bình Tân,180000,215000,1
226,Trần Văn My,tranvanmy_226,16,nam,"Đường Bình Thới, Phường 14, Quận 11",16:00-18:00,10,5,0.5,Quận 11,160000,210000,1
227,Lê Gia Quang,legiaquang_227,27,nam,"Đường An Phú Đông 09, Phường An Phú Đông, Quận 12",20:00-22:00,39,10,0.256,Quận 12,100000,130000,1
228,Bùi Hồng Quyên,buihongquyen_228,46,nữ,"Đường Thạnh Lộc 19, Phường Thạnh Lộc, Quận 12",08:00-10:00,13,12,0.923,Quận 12,105000,230000,1
229,Lê Văn Hùng,levanhung_229,20,nam,"Đường Phan Huy Ích, Phường 14, Quận Gò Vấp",19:00-21:00,58,0,0.0,Quận Gò Vấp,190000,220000,1
230,Lâm Thanh Tùng,lamthanhtung_230,33,nữ,"Đường Chu Văn An, Phường 26, Quận Bình Thạnh",06:00-08:00,22,9,0.409,Quận Bình Thạnh,160000,230000,1
231,Lý Quang Trí,lyquangtri_231,41,nữ,"Đường Trường Sa, Phường 12, Quận 3",12:00-14:00,41,24,0.585,Quận 3,145000,165000,1
232,Bùi Thanh Trí,buithanhtri_232,48,nữ,"Đường Nguyễn Thượng Hiền, Phường 5, Quận Phú Nhuận",20:00-22:00,22,4,0.182,Quận Phú Nhuận,140000,180000,1
233,Bùi Quang Yến,buiquangyen_233,53,nam,"Đường Trần Xuân Soạn, Phường Tân Hưng, Quận 7",07:00-09:00,32,18,0.562,Quận 7,250000,250000,1
234,Võ Thị Thắng,vothithang_234,31,nam,"Đường Nguyễn Văn Linh, Phường Tân Phú, Quận 7",19:00-21:00,78,18,0.231,Quận 7,75000,100000,1
235,Phạm Phú Hiếu,phamphuhieu_235,25,nam,"Đường Lê Văn Sỹ, Phường 13, Quận Phú Nhuận",18:00-20:00,6,1,0.167,Quận Phú Nhuận,95000,230000,1
236,Vũ Hoàng Quân,vuhoangquan_236,50,nữ,"Đường Đinh Tiên Hoàng, Phường Đa Kao, Quận 1",09:00-11:00,33,6,0.182,Quận 1,85000,220000,1
237,Lê Đức Hòa,leduchoa_237,15,nữ,"Đường Lê Văn Sỹ, Phường 10, Quận Phú Nhuận",19:00-21:00,95,76,0.8,Quận Phú Nhuận,115000,150000,1
238,Vũ Hồng Linh,vuhonglinh_238,32,nam,"Đường Trần Quang Diệu, Phường 12, Quận 3",18:00-20:00,82,26,0.317,Quận 3,50000,145000,1
239,Bùi Gia Nhật,buigianhat_239,29,không muốn tiết lộ,"Đường Tô Hiến Thành, Phường 14, Quận 10",20:00-22:00,100,93,0.93,Quận 10,215000,230000,1
240,Trần Ngọc Quyên,tranngocquyen_240,36,nữ,"Đường Lý Thường Kiệt, Phường 15, Quận 11",09:00-11:00,76,55,0.724,Quận 11,60000,70000,1
241,Trần Đức Mai,tranducmai_241,15,nam,"Đường Vĩnh Hội, Phường 4, Quận 4",14:00-16:00,84,30,0.357,Quận 4,70000,160000,1
242,Dương Nhật Phong,duongnhatphong_242,21,nữ,"Đường Nguyễn Đình Chiểu, Phường 2, Quận 3",16:00-18:00,10,8,0.8,Quận 3,220000,230000,1
243,Hoàng Tuấn Hùng,hoangtuanhung_243,38,nữ,"Đường Lãnh Binh Thăng, Phường 13, Quận 11",06:00-08:00,88,37,0.42,Quận 11,125000,195000,1
244,Bùi Văn Phúc,buivanphuc_244,52,nữ,"Đường Ba Vân, Phường 14, Quận Tân Bình",20:00-22:00,8,8,1.0,Quận Tân Bình,240000,240000,1
245,Mai Minh Nhật,maiminhnhat_245,30,nữ,"Đường Trường Sa, Phường 13, Quận 3",20:00-22:00,78,76,0.974,Quận 3,75000,230000,1
246,Hoàng Gia Quân,hoanggiaquan_246,36,nữ,"Đường Võ Văn Ngân, Phường Bình Thọ, TP Thủ Đức",14:00-16:00,24,10,0.417,TP Thủ Đức,135000,170000,1
247,Mai Hoàng Phát,maihoangphat_247,24,nam,"Đường Mai Chí Thọ, Phường An Phú, TP Thủ Đức",14:00-16:00,64,62,0.969,TP Thủ Đức,185000,235000,1
248,Phan Phú My,phanphumy_248,23,nữ,"Đường Võ Văn Kiệt, Phường An Lạc, Quận Bình Tân",07:00-09:00,100,28,0.28,Quận Bình Tân,130000,180000,1
249,Huỳnh Gia Hà,huynhgiaha_249,39,nam,"Đường Hai Bà Trưng, Phường Tân Định, Quận 1",16:00-18:00,86,70,0.814,Quận 1,55000,175000,1
250,Lâm Phú Vân,lamphuvan_250,44,nữ,"Đường Nguyễn Trung Trực, Phường Bến Thành, Quận 1",16:00-18:00,89,38,0.427,Quận 1,170000,185000,1
251,Lê Hồng Trinh,lehongtrinh_251,53,nữ,"Đường Lê Lợi, Phường 4, Quận Gò Vấp",19:00-21:00,52,40,0.769,Quận Gò Vấp,190000,225000,1
252,Huỳnh Phú Châu,huynhphuchau_252,20,nữ,"Đường Xa Lộ Hà Nội, Phường Tân Phú, TP Thủ Đức",08:00-10:00,87,56,0.644,TP Thủ Đức,185000,245000,1
253,Đoàn Phú Dũng,doanphudung_253,39,nữ,"Đường Cách Mạng Tháng 8, Phường 5, Quận Tân Bình",20:00-22:00,68,8,0.118,Quận Tân Bình,205000,225000,1
254,Trương Hồng Quang,truonghongquang_254,33,nữ,"Đường Bến Vân Đồn, Phường 2, Quận 4",14:00-16:00,49,37,0.755,Quận 4,245000,245000,1
255,Trần Quang Tùng,tranquangtung_255,30,nam,"Đường Đề Thám, Phường Phạm Ngũ Lão, Quận 1",09:00-11:00,79,9,0.114,Quận 1,65000,235000,1
256,Phan Anh Quang,phananhquang_256,17,nữ,"Đường Trần Hưng Đạo, Phường Cầu Kho, Quận 1",19:00-21:00,30,10,0.333,Quận 1,135000,205000,1
257,Trương Hoàng Duy,truonghoangduy_257,20,nữ,"Đường Tây Hòa, Phường Phước Long A, TP Thủ Đức",09:00-11:00,93,11,0.118,TP Thủ Đức,75000,220000,1
258,Huỳnh Hồng Việt,huynhhongviet_258,56,nữ,"Đường Bưng Ông Thoàn, Phường Phú Hữu, TP Thủ Đức",07:00-09:00,1,1,1.0,TP Thủ Đức,240000,245000,1
259,Lý Minh My,lyminhmy_259,56,nam,"Đường Lê Đức Thọ, Phường 6, Quận Gò Vấp",06:00-08:00,86,6,0.07,Quận Gò Vấp,210000,245000,1
260,Đoàn Hoàng Nhật,doanhoangnhat_260,46,nữ,"Đường Trường Thọ, Phường Trường Thọ, TP Thủ Đức",09:00-11:00,40,13,0.325,TP Thủ Đức,250000,250000,1
261,Võ Minh Nam,vominhnam_261,29,nam,"Đường Xa Lộ Hà Nội, Phường An Phú, TP Thủ Đức",16:00-18:00,27,10,0.37,TP Thủ Đức,60000,140000,1
262,Hoàng Hoàng Thắng,hoanghoangthang_262,44,nam,"Đường Bình Thới, Phường 10, Quận 11",09:00-11:00,56,51,0.911,Quận 11,90000,240000,1
263,Đoàn Phú Bình,doanphubinh_263,47,nam,"Đường Ni Sư Huỳnh Liên, Phường 10, Quận Tân Bình",19:00-21:00,24,6,0.25,Quận Tân Bình,195000,235000,1
264,Đặng Gia My,danggiamy_264,52,nam,"Đường Tây Hòa, Phường Phước Long A, TP Thủ Đức",07:00-09:00,51,31,0.608,TP Thủ Đức,135000,215000,1
265,Trần Ngọc Hòa,tranngochoa_265,59,không muốn tiết lộ,"Đường Tân Kỳ Tân Quý, Phường Sơn Kỳ, Quận Tân Phú",08:00-10:00,80,21,0.263,Quận Tân Phú,250000,250000,1
266,Đặng Minh Thảo,dangminhthao_266,20,nữ,"Đường Đường số 5, Phường Linh Xuân, TP Thủ Đức",09:00-11:00,39,19,0.487,TP Thủ Đức,50000,105000,1
267,Đặng Hoàng Vân,danghoangvan_267,25,nữ,"Đường Tôn Thất Thuyết, Phường 16, Quận 4",09:00-11:00,5,1,0.2,Quận 4,65000,155000,1
268,Phạm Anh Minh,phamanhminh_268,37,nam,"Đường Ưu Long, Phường 11, Quận 8",12:00-14:00,5,2,0.4,Quận 8,120000,190000,1
269,Huỳnh Văn Hùng,huynhvanhung_269,26,nam,"Đường Hưng Phú, Phường 8, Quận 8",10:00-12:00,60,23,0.383,Quận 8,180000,250000,1
270,Phạm Nhật Trí,phamnhattri_270,57,nữ,"Đường Trường Sơn, Phường 2, Quận Tân Bình",07:00-09:00,26,5,0.192,Quận Tân Bình,95000,235000,1
271,Mai Phú Thảo,maiphuthao_271,16,nữ,"Đường Kha Vạn Cân, Phường Linh Tây, TP Thủ Đức",10:00-12:00,73,59,0.808,TP Thủ Đức,170000,215000,1
272,Đỗ Nhật Giang,donhatgiang_272,30,nữ,"Đường Lý Thường Kiệt, Phường 15, Quận 11",09:00-11:00,48,3,0.062,Quận 11,225000,235000,1
273,Bùi Ngọc Hân,buingochan_273,35,không muốn tiết lộ,"Đường Nguyễn Văn Hưởng, Phường Thảo Điền, TP Thủ Đức",06:00-08:00,79,79,1.0,TP Thủ Đức,175000,200000,1
274,Trương Hồng Hòa,truonghonghoa_274,26,nam,"Đường Lê Văn Việt, Phường Hiệp Phú, TP Thủ Đức",20:00-22:00,13,11,0.846,TP Thủ Đức,60000,125000,1
275,Đỗ Minh Linh,dominhlinh_275,37,nam,"Đường Bến Bình Đông, Phường 10, Quận 8",06:00-08:00,7,7,1.0,Quận 8,55000,90000,1
276,Dương Minh Hà,duongminhha_276,32,nam,"Đường Lương Ngọc Quyến, Phường 13, Quận 8",09:00-11:00,47,36,0.766,Quận 8,240000,250000,1
277,Trần Khánh Bảo,trankhanhbao_277,41,nữ,"Đường Hương Lộ 2, Phường Bình Trị Đông, Quận Bình Tân",16:00-18:00,67,63,0.94,Quận Bình Tân,160000,225000,1
278,Lê Phú Hải,lephuhai_278,55,nữ,"Đường Tân Thuận, Phường Tân Thuận Tây, Quận 7",10:00-12:00,87,2,0.023,Quận 7,170000,240000,1
279,Đoàn Anh Mai,doananhmai_279,54,nam,"Đường Nguyễn Thị Nhỏ, Phường 15, Quận 11",09:00-11:00,33,26,0.788,Quận 11,85000,235000,1
280,Vũ Thanh Phong,vuthanhphong_280,54,nam,"Đường Phan Đăng Lưu, Phường 3, Quận Phú Nhuận",20:00-22:00,37,1,0.027,Quận Phú Nhuận,135000,185000,1
281,Lê Thị Nhật,lethinhat_281,28,nữ,"Đường Xóm Củi, Phường 10, Quận 8",12:00-14:00,76,5,0.066,Quận 8,140000,205000,1
282,Mai Văn Nga,maivannga_282,34,nữ,"Đường Trần Hưng Đạo, Phường Nguyễn Cư Trinh, Quận 1",12:00-14:00,74,40,0.541,Quận 1,180000,225000,1
283,Trần Hoàng Nam,tranhoangnam_283,58,nam,"Đường Man Thiện, Phường Tăng Nhơn Phú A, TP Thủ Đức",09:00-11:00,51,34,0.667,TP Thủ Đức,95000,235000,1
284,Hoàng Gia Phong,hoanggiaphong_284,60,nam,"Đường Kênh Tân Hóa, Phường Tân Thới Hòa, Quận Tân Phú",19:00-21:00,9,6,0.667,Quận Tân Phú,175000,185000,1
285,Đặng Khánh Uyên,dangkhanhuyen_285,18,nam,"Đường Trường Sa, Phường 2, Quận Phú Nhuận",09:00-11:00,31,29,0.935,Quận Phú Nhuận,145000,215000,1
286,Nguyễn Hồng Thu,nguyenhongthu_286,50,nam,"Đường Trần Hưng Đạo, Phường Cô Giang, Quận 1",06:00-08:00,15,4,0.267,Quận 1,250000,250000,1
287,Trương Văn Tùng,truongvantung_287,19,nam,"Đường Võ Văn Ngân, Phường Linh Chiểu, TP Thủ Đức",12:00-14:00,43,43,1.0,TP Thủ Đức,215000,245000,1
288,Mai Khánh Chi,maikhanhchi_288,35,nam,"Đường Đặng Văn Bi, Phường Trường Thọ, TP Thủ Đức",20:00-22:00,50,21,0.42,TP Thủ Đức,55000,230000,1
289,Dương Nhật Long,duongnhatlong_289,59,nữ,"Đường Trường Sa, Phường 13, Quận Phú Nhuận",07:00-09:00,28,0,0.0,Quận Phú Nhuận,230000,250000,1
290,Võ Minh Trung,vominhtrung_290,35,nam,"Đường Nguyễn Ảnh Thủ, Phường Thới An, Quận 12",14:00-16:00,98,87,0.888,Quận 12,235000,235000,1
291,Vũ Quang Hân,vuquanghan_291,35,nữ,"Đường Tống Văn Trân, Phường 5, Quận 11",16:00-18:00,40,13,0.325,Quận 11,55000,105000,1
292,Lâm Minh Lan,lamminhlan_292,45,nữ,"Đường Nguyễn Duy, Phường 12, Quận 8",08:00-10:00,15,10,0.667,Quận 8,135000,200000,1
293,Lý Văn Thư,lyvanthu_293,53,nam,"Đường Hương Lộ 2, Phường Bình Trị Đông, Quận Bình Tân",14:00-16:00,74,35,0.473,Quận Bình Tân,140000,195000,1
294,Lâm Ngọc Sơn,lamngocson_294,25,nữ,"Đường Nguyễn Thái Sơn, Phường 4, Quận Gò Vấp",10:00-12:00,55,8,0.145,Quận Gò Vấp,125000,155000,1
295,Nguyễn Quang Nhật,nguyenquangnhat_295,45,nữ,"Đường Hoàng Hữu Nam, Phường Long Bình, TP Thủ Đức",09:00-11:00,79,3,0.038,TP Thủ Đức,195000,205000,1
296,Hoàng Thanh Mai,hoangthanhmai_296,29,nam,"Đường Đường số 10, Phường Tân Quy, Quận 7",20:00-22:00,56,9,0.161,Quận 7,215000,250000,1
297,Đoàn Khánh Ngọc,doankhanhngoc_297,59,nam,"Đường Bến Bình Đông, Phường 13, Quận 8",20:00-22:00,21,7,0.333,Quận 8,60000,100000,1
298,Lý Nhật Tùng,lynhattung_298,48,nam,"Đường Trương Định, Phường Bến Thành, Quận 1",16:00-18:00,43,34,0.791,Quận 1,85000,120000,1
299,Vũ Tuấn Quang,vutuanquang_299,39,nam,"Đường Hoàng Diệu, Phường 10, Quận 4",08:00-10:00,14,11,0.786,Quận 4,50000,195000,1
300,Vũ Đức Linh,vuduclinh_300,52,nữ,"Đường Phạm Văn Hai, Phường 5, Quận Tân Bình",14:00-16:00,67,25,0.373,Quận Tân Bình,110000,195000,1
301,Đỗ Văn Minh,dovanminh_301,40,nữ,"Đường Trần Xuân Soạn, Phường Tân Kiểng, Quận 7",18:00-20:00,38,28,0.737,Quận 7,80000,230000,1
302,Đỗ Thanh Vân,dothanhvan_302,23,nữ,"Đường Rạch Bùng Binh, Phường 10, Quận 3",19:00-21:00,17,8,0.471,Quận 3,145000,165000,1
303,Vũ Minh Tùng,vuminhtung_303,44,nữ,"Đường Cao Thắng, Phường 5, Quận 3",07:00-09:00,59,23,0.39,Quận 3,160000,160000,1
304,Phan Văn Hân,phanvanhan_304,59,nữ,"Đường Trần Văn Đang, Phường 11, Quận 3",10:00-12:00,54,19,0.352,Quận 3,60000,60000,1
305,Mai Quang Phong,maiquangphong_305,14,nữ,"Đường Phan Đình Phùng, Phường 2, Quận Phú Nhuận",08:00-10:00,37,30,0.811,Quận Phú Nhuận,120000,185000,1
306,Dương Phú Uyên,duongphuuyen_306,33,không muốn tiết lộ,"Đường Thích Quảng Đức, Phường 3, Quận Phú Nhuận",18:00-20:00,54,53,0.981,Quận Phú Nhuận,150000,170000,1
307,Phạm Văn Nhật,phamvannhat_307,27,nam,"Đường Hương Lộ 2, Phường Bình Trị Đông, Quận Bình Tân",09:00-11:00,46,42,0.913,Quận Bình Tân,185000,195000,1
308,Nguyễn Văn Ngọc,nguyenvanngoc_308,43,nam,"Đường Đội Cung, Phường 11, Quận 11",10:00-12:00,51,44,0.863,Quận 11,70000,90000,1
309,Trần Quang Trí,tranquangtri_309,37,không muốn tiết lộ,"Đường Võ Văn Ngân, Phường Bình Thọ, TP Thủ Đức",19:00-21:00,87,28,0.322,TP Thủ Đức,245000,250000,1
310,Trương Hồng Tuấn,truonghongtuan_310,17,nữ,"Đường Lãnh Binh Thăng, Phường 13, Quận 11",18:00-20:00,8,8,1.0,Quận 11,100000,245000,1
311,Mai Hoàng Huy,maihoanghuy_311,59,nam,"Đường Phạm Hữu Lầu, Phường Phú Mỹ, Quận 7",12:00-14:00,89,25,0.281,Quận 7,185000,240000,1
312,Nguyễn Hồng Dũng,nguyenhongdung_312,30,nữ,"Đường Ni Sư Huỳnh Liên, Phường 10, Quận Tân Bình",12:00-14:00,81,43,0.531,Quận Tân Bình,95000,220000,1
313,Đoàn Tuấn Hà,doantuanha_313,46,nữ,"Đường Nguyễn Cơ Thạch, Phường Thủ Thiêm, TP Thủ Đức",06:00-08:00,54,43,0.796,TP Thủ Đức,125000,195000,1
314,Trần Quang Thắng,tranquangthang_314,27,nữ,"Đường Mã Lò, Phường Bình Hưng Hòa A, Quận Bình Tân",12:00-14:00,95,26,0.274,Quận Bình Tân,190000,190000,1
315,Huỳnh Hoàng Hà,huynhhoangha_315,40,nam,"Đường Cô Bắc, Phường Cô Giang, Quận 1",07:00-09:00,50,2,0.04,Quận 1,225000,230000,1
316,Bùi Đức Nga,buiducnga_316,21,nữ,"Đường Lê Trọng Tấn, Phường Sơn Kỳ, Quận Tân Phú",10:00-12:00,13,8,0.615,Quận Tân Phú,145000,220000,1
317,Lý Thanh Việt,lythanhviet_317,39,nữ,"Đường Đỗ Quang Đẩu, Phường Phạm Ngũ Lão, Quận 1",16:00-18:00,62,31,0.5,Quận 1,215000,220000,1
318,Vũ Anh Hải,vuanhhai_318,44,nam,"Đường Nguyễn Lâm, Phường 6, Quận 10",06:00-08:00,1,1,1.0,Quận 10,165000,220000,1
319,Hoàng Nhật Anh,hoangnhatanh_319,19,nữ,"Đường Ba Đình, Phường 10, Quận 8",09:00-11:00,83,9,0.108,Quận 8,75000,195000,1
320,Hoàng Khánh Nga,hoangkhanhnga_320,49,không muốn tiết lộ,"Đường Phó Cơ Điều, Phường 4, Quận 11",06:00-08:00,75,12,0.16,Quận 11,210000,235000,1
321,Phạm Gia Việt,phamgiaviet_321,51,nữ,"Đường Quốc Lộ 13, Phường Hiệp Bình Phước, TP Thủ Đức",16:00-18:00,98,11,0.112,TP Thủ Đức,90000,190000,1
322,Hoàng Nhật Châu,hoangnhatchau_322,20,nam,"Đường Vĩnh Hội, Phường 3, Quận 4",07:00-09:00,89,77,0.865,Quận 4,245000,245000,1
323,Nguyễn Đức Hòa,nguyenduchoa_323,54,nữ,"Đường Lý Thường Kiệt, Phường 14, Quận 10",18:00-20:00,47,32,0.681,Quận 10,135000,215000,1
324,Lý Thanh Loan,lythanhloan_324,48,nam,"Đường Tôn Đức Thắng, Phường Bến Nghé, Quận 1",18:00-20:00,41,29,0.707,Quận 1,205000,245000,1
325,Đặng Hoàng Long,danghoanglong_325,38,nữ,"Đường Trần Hưng Đạo, Phường 2, Quận 5",19:00-21:00,84,60,0.714,Quận 5,105000,160000,1
326,Phan Văn Hòa,phanvanhoa_326,49,nữ,"Đường Dương Thị Mười, Phường Tân Thới Hiệp, Quận 12",08:00-10:00,73,21,0.288,Quận 12,125000,145000,1
327,Nguyễn Văn Nam,nguyenvannam_327,36,nam,"Đường Lê Văn Sỹ, Phường 3, Quận Tân Bình",08:00-10:00,6,0,0.0,Quận Tân Bình,95000,145000,1
328,Nguyễn Nhật Anh,nguyennhatanh_328,51,nam,"Đường Phan Đăng Lưu, Phường 7, Quận Phú Nhuận",10:00-12:00,13,12,0.923,Quận Phú Nhuận,160000,240000,1
329,Lý Thị Linh,lythilinh_329,33,không muốn tiết lộ,"Đường Phan Huy Ích, Phường 12, Quận Gò Vấp",16:00-18:00,97,56,0.577,Quận Gò Vấp,215000,215000,1
330,Nguyễn Minh Thư,nguyenminhthu_330,15,không muốn tiết lộ,"Đường Bến Vân Đồn, Phường 2, Quận 4",06:00-08:00,68,60,0.882,Quận 4,75000,205000,1
331,Lâm Văn Trung,lamvantrung_331,33,nam,"Đường Lạc Long Quân, Phường Phú Trung, Quận Tân Phú",07:00-09:00,53,31,0.585,Quận Tân Phú,250000,250000,1
332,Bùi Văn Loan,buivanloan_332,27,nữ,"Đường Hoàng Minh Giám, Phường 4, Quận Phú Nhuận",19:00-21:00,69,41,0.594,Quận Phú Nhuận,100000,120000,1
333,Lâm Thị Tuấn,lamthituan_333,41,nữ,"Đường Bạch Vân, Phường 5, Quận 5",18:00-20:00,52,19,0.365,Quận 5,165000,230000,1
334,Trương Văn Nga,truongvannga_334,39,nữ,"Đường Lũy Bán Bích, Phường Phú Thọ Hòa, Quận Tân Phú",19:00-21:00,57,49,0.86,Quận Tân Phú,120000,180000,1
335,Đỗ Thị Lan,dothilan_335,38,không muốn tiết lộ,"Đường Mễ Cốc, Phường 15, Quận 8",08:00-10:00,80,48,0.6,Quận 8,210000,245000,1
336,Trần Quang Hân,tranquanghan_336,36,nữ,"Đường Phạm Ngũ Lão, Phường 16, Quận Gò Vấp",07:00-09:00,46,20,0.435,Quận Gò Vấp,75000,145000,1
337,Bùi Quang Long,buiquanglong_337,60,nữ,"Đường Trường Chinh, Phường Tân Sơn Nhì, Quận Tân Phú",08:00-10:00,6,5,0.833,Quận Tân Phú,115000,235000,1
338,Nguyễn Hoàng Nga,nguyenhoangnga_338,28,nữ,"Đường Hoàng Văn Thụ, Phường 3, Quận Tân Bình",18:00-20:00,71,27,0.38,Quận Tân Bình,130000,210000,1
339,Phạm Tuấn Trung,phamtuantrung_339,14,nam,"Đường Tô Hiến Thành, Phường 10, Quận 3",18:00-20:00,63,50,0.794,Quận 3,170000,220000,1
340,Mai Thanh Châu,maithanhchau_340,59,nữ,"Đường Trần Quốc Thảo, Phường 9, Quận 3",09:00-11:00,26,20,0.769,Quận 3,200000,250000,1
341,Nguyễn Gia Thảo,nguyengiathao_341,37,không muốn tiết lộ,"Đường Hoàng Sa, Phường 11, Quận 3",20:00-22:00,95,95,1.0,Quận 3,225000,240000,1
342,Phan Đức Ngọc,phanducngoc_342,14,nữ,"Đường Bến Vân Đồn, Phường 1, Quận 4",06:00-08:00,41,24,0.585,Quận 4,90000,105000,1
343,Huỳnh Phú Thảo,huynhphuthao_343,34,nữ,"Đường Lạc Long Quân, Phường 9, Quận Tân Bình",20:00-22:00,64,56,0.875,Quận Tân Bình,205000,235000,1
344,Lê Gia Loan,legialoan_344,21,nữ,"Đường Linh Đông, Phường Linh Đông, TP Thủ Đức",14:00-16:00,84,5,0.06,TP Thủ Đức,50000,125000,1
345,Trương Khánh Thu,truongkhanhthu_345,30,nữ,"Đường Nguyễn Thượng Hiền, Phường 5, Quận Phú Nhuận",18:00-20:00,52,44,0.846,Quận Phú Nhuận,250000,250000,1
346,Phan Anh Phong,phananhphong_346,31,nữ,"Đường Phan Đình Phùng, Phường 15, Quận Phú Nhuận",18:00-20:00,15,4,0.267,Quận Phú Nhuận,165000,195000,1
347,Võ Thanh Hiếu,vothanhhieu_347,58,nam,"Đường Trịnh Quang Nghị, Phường 7, Quận 8",16:00-18:00,78,58,0.744,Quận 8,180000,215000,1
348,Dương Phú Duy,duongphuduy_348,24,nam,"Đường Tô Ngọc Vân, Phường Thạnh Xuân, Quận 12",16:00-18:00,28,11,0.393,Quận 12,245000,250000,1
349,Nguyễn Minh Hòa,nguyenminhhoa_349,53,không muốn tiết lộ,"Đường Bắc Hải, Phường 6, Quận Tân Bình",20:00-22:00,24,15,0.625,Quận Tân Bình,165000,230000,1
350,Lê Thanh Hân,lethanhhan_350,60,nữ,"Đường Hoàng Quốc Việt, Phường Phú Mỹ, Quận 7",19:00-21:00,18,4,0.222,Quận 7,50000,110000,1
351,Lâm Khánh Phát,lamkhanhphat_351,16,nam,"Đường Hoàng Quốc Việt, Phường Phú Mỹ, Quận 7",20:00-22:00,43,38,0.884,Quận 7,185000,225000,1
352,Bùi Anh Yến,buianhyen_352,15,không muốn tiết lộ,"Đường Nguyễn Duy Dương, Phường 4, Quận 10",07:00-09:00,20,15,0.75,Quận 10,165000,205000,1
353,Lâm Anh Hương,lamanhhuong_353,55,nam,"Đường Gia Phú, Phường 1, Quận 6",19:00-21:00,44,31,0.705,Quận 6,70000,95000,1
354,Bùi Anh Chi,buianhchi_354,43,nữ,"Đường Quang Trung, Phường 10, Quận Gò Vấp",06:00-08:00,88,10,0.114,Quận Gò Vấp,55000,250000,1
355,Trương Đức Mai,truongducmai_355,29,nam,"Đường Trần Hưng Đạo, Phường Cầu Ông Lãnh, Quận 1",14:00-16:00,59,30,0.508,Quận 1,215000,215000,1
356,Dương Thanh Quyên,duongthanhquyen_356,16,không muốn tiết lộ,"Đường Quang Trung, Phường 11, Quận Gò Vấp",19:00-21:00,30,14,0.467,Quận Gò Vấp,90000,125000,1
357,Đặng Minh Hùng,dangminhhung_357,30,nam,"Đường Đồng Văn Cống, Phường Cát Lái, TP Thủ Đức",10:00-12:00,56,52,0.929,TP Thủ Đức,55000,215000,1
358,Mai Thanh Hà,maithanhha_358,60,nam,"Đường Nguyễn Thái Học, Phường Cầu Ông Lãnh, Quận 1",16:00-18:00,13,3,0.231,Quận 1,225000,245000,1
359,Lâm Ngọc My,lamngocmy_359,56,nam,"Đường Tên Lửa, Phường Bình Trị Đông B, Quận Bình Tân",20:00-22:00,11,4,0.364,Quận Bình Tân,250000,250000,1
360,Nguyễn Nhật Nam,nguyennhatnam_360,17,nữ,"Đường Nguyễn Đình Chiểu, Phường 2, Quận 3",12:00-14:00,65,31,0.477,Quận 3,120000,200000,1
361,Võ Tuấn Quang,votuanquang_361,25,nữ,"Đường Đường số 6, Phường Phước Bình, TP Thủ Đức",08:00-10:00,18,2,0.111,TP Thủ Đức,100000,165000,1
362,Dương Quang Quyên,duongquangquyen_362,53,nữ,"Đường Nguyễn Tri Phương, Phường 5, Quận 10",08:00-10:00,32,13,0.406,Quận 10,120000,185000,1
363,Trần Khánh Yến,trankhanhyen_363,28,nữ,"Đường Nguyễn Thái Sơn, Phường 3, Quận Gò Vấp",14:00-16:00,87,18,0.207,Quận Gò Vấp,100000,195000,1
364,Trần Nhật An,trannhatan_364,55,nữ,"Đường Tỉnh Lộ 10, Phường Tân Tạo A, Quận Bình Tân",08:00-10:00,45,45,1.0,Quận Bình Tân,195000,220000,1
365,Lý Thị Vân,lythivan_365,53,nữ,"Đường Âu Cơ, Phường 14, Quận Tân Bình",16:00-18:00,16,8,0.5,Quận Tân Bình,205000,240000,1
366,Hoàng Anh Hà,hoanganhha_366,56,nữ,"Đường Tên Lửa, Phường An Lạc A, Quận Bình Tân",12:00-14:00,67,61,0.91,Quận Bình Tân,60000,125000,1
367,Bùi Khánh Khánh,buikhanhkhanh_367,28,nam,"Đường Ba Vân, Phường 14, Quận Tân Bình",12:00-14:00,59,2,0.034,Quận Tân Bình,110000,175000,1
368,Lý Ngọc Thắng,lyngocthang_368,32,nam,"Đường Đỗ Xuân Hợp, Phường Phước Bình, TP Thủ Đức",16:00-18:00,20,8,0.4,TP Thủ Đức,140000,190000,1
369,Lý Khánh Thu,lykhanhthu_369,40,nam,"Đường Vĩnh Khánh, Phường 8, Quận 4",09:00-11:00,97,29,0.299,Quận 4,140000,235000,1
370,Nguyễn Thanh Hân,nguyenthanhhan_370,43,nữ,"Đường Nguyễn Biểu, Phường 1, Quận 5",14:00-16:00,99,96,0.97,Quận 5,115000,160000,1
371,Đỗ Tuấn Uyên,dotuanuyen_371,42,nam,"Đường Phan Đình Phùng, Phường 1, Quận Phú Nhuận",10:00-12:00,44,39,0.886,Quận Phú Nhuận,115000,200000,1
372,Phạm Phú Châu,phamphuchau_372,54,nam,"Đường Đặng Văn Ngữ, Phường 10, Quận Phú Nhuận",10:00-12:00,39,1,0.026,Quận Phú Nhuận,55000,135000,1
373,Hoàng Hoàng Chi,hoanghoangchi_373,45,nam,"Đường Bình Quới, Phường 27, Quận Bình Thạnh",08:00-10:00,7,1,0.143,Quận Bình Thạnh,165000,235000,1
374,Trần Đức Trinh,tranductrinh_374,48,nữ,"Đường Cao Thắng, Phường 12, Quận 10",14:00-16:00,20,1,0.05,Quận 10,210000,245000,1
375,Lâm Phú Hân,lamphuhan_375,55,nữ,"Đường Nguyễn Thị Thập, Phường Tân Quy, Quận 7",07:00-09:00,83,83,1.0,Quận 7,60000,80000,1
376,Mai Nhật Sơn,mainhatson_376,39,nam,"Đường Lê Đức Thọ, Phường 13, Quận Gò Vấp",12:00-14:00,52,23,0.442,Quận Gò Vấp,220000,250000,1
377,Trương Nhật Trinh,truongnhattrinh_377,49,nam,"Đường Huỳnh Tấn Phát, Phường Phú Thuận, Quận 7",12:00-14:00,11,10,0.909,Quận 7,220000,230000,1
378,Lâm Phú Châu,lamphuchau_378,39,nam,"Đường Cao Thắng, Phường 5, Quận 3",12:00-14:00,92,89,0.967,Quận 3,145000,225000,1
379,Mai Ngọc Hòa,maingochoa_379,25,nữ,"Đường Nguyễn Hữu Cảnh, Phường 22, Quận Bình Thạnh",08:00-10:00,79,72,0.911,Quận Bình Thạnh,95000,230000,1
380,Bùi Quang Trang,buiquangtrang_380,16,nữ,"Đường Nguyễn Văn Công, Phường 3, Quận Gò Vấp",19:00-21:00,94,16,0.17,Quận Gò Vấp,200000,235000,1
381,Lê Thị Châu,lethichau_381,15,nam,"Đường Xuân Thủy, Phường Thảo Điền, TP Thủ Đức",12:00-14:00,44,41,0.932,TP Thủ Đức,220000,250000,1
382,Đặng Thanh Vân,dangthanhvan_382,45,nữ,"Đường Lê Văn Sỹ, Phường 1, Quận Tân Bình",08:00-10:00,25,13,0.52,Quận Tân Bình,110000,155000,1
383,Đặng Khánh Hải,dangkhanhhai_383,41,nam,"Đường Lương Nhữ Học, Phường 11, Quận 5",09:00-11:00,58,21,0.362,Quận 5,140000,220000,1
384,Lê Hồng Khánh,lehongkhanh_384,44,nữ,"Đường Hậu Giang, Phường 5, Quận 6",09:00-11:00,72,23,0.319,Quận 6,115000,170000,1
385,Nguyễn Hoàng Uyên,nguyenhoanguyen_385,34,nam,"Đường An Bình, Phường 5, Quận 5",07:00-09:00,76,69,0.908,Quận 5,50000,165000,1
386,Mai Thanh Thắng,maithanhthang_386,14,nam,"Đường Lý Thường Kiệt, Phường 15, Quận 11",18:00-20:00,78,71,0.91,Quận 11,85000,140000,1
387,Trương Văn Khánh,truongvankhanh_387,55,nam,"Đường Nguyễn Cư Trinh, Phường Nguyễn Cư Trinh, Quận 1",18:00-20:00,61,17,0.279,Quận 1,125000,215000,1
388,Phạm Thị Thắng,phamthithang_388,16,nữ,"Đường Nguyễn Thái Học, Phường Cầu Ông Lãnh, Quận 1",06:00-08:00,15,9,0.6,Quận 1,180000,245000,1
389,Đặng Thị Tuấn,dangthituan_389,28,nam,"Đường Phạm Văn Bạch, Phường 15, Quận Tân Bình",09:00-11:00,82,12,0.146,Quận Tân Bình,60000,95000,1
390,Trần Anh Hòa,trananhhoa_390,35,nam,"Đường Phan Xích Long, Phường 3, Quận Phú Nhuận",10:00-12:00,64,23,0.359,Quận Phú Nhuận,185000,190000,1
391,Võ Thị Duy,vothiduy_391,23,nam,"Đường Nơ Trang Long, Phường 14, Quận Bình Thạnh",18:00-20:00,56,37,0.661,Quận Bình Thạnh,135000,225000,1
392,Đặng Hồng Trí,danghongtri_392,35,nam,"Đường Bạch Đằng, Phường 2, Quận Bình Thạnh",18:00-20:00,84,69,0.821,Quận Bình Thạnh,195000,250000,1
393,Phạm Hồng Ngọc,phamhongngoc_393,29,không muốn tiết lộ,"Đường Nguyễn Xiển, Phường Trường Thạnh, TP Thủ Đức",20:00-22:00,45,6,0.133,TP Thủ Đức,175000,215000,1
394,Trương Hồng Hùng,truonghonghung_394,29,nam,"Đường Đinh Bộ Lĩnh, Phường 26, Quận Bình Thạnh",18:00-20:00,55,16,0.291,Quận Bình Thạnh,200000,200000,1
395,Phạm Thanh Phúc,phamthanhphuc_395,59,nữ,"Đường Phan Văn Trị, Phường 11, Quận Bình Thạnh",16:00-18:00,71,36,0.507,Quận Bình Thạnh,100000,250000,1
396,Lê Ngọc Tuấn,lengoctuan_396,32,nam,"Đường Lê Đức Thọ, Phường 6, Quận Gò Vấp",09:00-11:00,75,58,0.773,Quận Gò Vấp,55000,130000,1
397,Hoàng Hoàng Tuấn,hoanghoangtuan_397,43,nam,"Đường Nơ Trang Long, Phường 12, Quận Bình Thạnh",09:00-11:00,17,16,0.941,Quận Bình Thạnh,50000,115000,1
398,Đặng Anh Việt,danganhviet_398,29,nữ,"Đường Tô Ngọc Vân, Phường Thạnh Xuân, Quận 12",20:00-22:00,45,32,0.711,Quận 12,135000,190000,1
399,Võ Minh Châu,vominhchau_399,57,nam,"Đường Mai Chí Thọ, Phường Thủ Thiêm, TP Thủ Đức",07:00-09:00,62,28,0.452,TP Thủ Đức,115000,165000,1
400,Nguyễn Phú Dũng,nguyenphudung_400,15,nam,"Đường Phú Thọ Hòa, Phường Phú Thọ Hòa, Quận Tân Phú",07:00-09:00,29,17,0.586,Quận Tân Phú,230000,235000,1
401,Dương Hoàng Phát,duonghoangphat_401,46,không muốn tiết lộ,"Đường Phạm Văn Chiêu, Phường 13, Quận Gò Vấp",09:00-11:00,10,5,0.5,Quận Gò Vấp,85000,135000,1
402,Mai Phú Khánh,maiphukhanh_402,21,nữ,"Đường Dương Quảng Hàm, Phường 6, Quận Gò Vấp",06:00-08:00,93,55,0.591,Quận Gò Vấp,165000,215000,1
403,Võ Gia Sơn,vogiason_403,25,nam,"Đường Tân Hòa Đông, Phường 13, Quận 6",20:00-22:00,23,20,0.87,Quận 6,105000,190000,1
404,Mai Ngọc Hải,maingochai_404,45,nữ,"Đường Nguyễn Tất Thành, Phường 13, Quận 4",14:00-16:00,53,17,0.321,Quận 4,125000,245000,1
405,Dương Tuấn Việt,duongtuanviet_405,53,không muốn tiết lộ,"Đường Lạc Long Quân, Phường 10, Quận Tân Bình",06:00-08:00,61,57,0.934,Quận Tân Bình,145000,145000,1
406,Mai Đức Ngọc,maiducngoc_406,31,nữ,"Đường Phạm Thế Hiển, Phường 5, Quận 8",20:00-22:00,38,20,0.526,Quận 8,145000,145000,1
407,Mai Anh Hương,maianhhuong_407,39,nam,"Đường Thống Nhất, Phường Bình Thọ, TP Thủ Đức",16:00-18:00,51,33,0.647,TP Thủ Đức,130000,155000,1
408,Đặng Khánh Long,dangkhanhlong_408,35,nam,"Đường Dương Bá Trạc, Phường 1, Quận 8",12:00-14:00,79,0,0.0,Quận 8,105000,120000,1
409,Trương Văn Nam,truongvannam_409,38,nữ,"Đường Hoàng Diệu 2, Phường Linh Trung, TP Thủ Đức",06:00-08:00,63,16,0.254,TP Thủ Đức,110000,155000,1
410,Mai Phú Thư,maiphuthu_410,31,nam,"Đường Kinh Dương Vương, Phường 13, Quận 6",16:00-18:00,50,45,0.9,Quận 6,195000,245000,1
411,Lâm Đức Linh,lamduclinh_411,25,không muốn tiết lộ,"Đường Nguyễn Trung Trực, Phường Bến Thành, Quận 1",10:00-12:00,21,21,1.0,Quận 1,130000,160000,1
412,Võ Minh Hòa,vominhhoa_412,60,nam,"Đường Lê Văn Việt, Phường Tân Phú, TP Thủ Đức",10:00-12:00,76,71,0.934,TP Thủ Đức,185000,230000,1
413,Trương Phú Hân,truongphuhan_413,50,nam,"Đường Bình Quới, Phường 28, Quận Bình Thạnh",09:00-11:00,69,62,0.899,Quận Bình Thạnh,80000,155000,1
414,Đặng Minh Anh,dangminhanh_414,25,nữ,"Đường Vĩnh Viễn, Phường 4, Quận 10",14:00-16:00,16,14,0.875,Quận 10,80000,185000,1
415,Mai Anh Bình,maianhbinh_415,20,nữ,"Đường Hoàng Hoa Thám, Phường 7, Quận Bình Thạnh",20:00-22:00,95,44,0.463,Quận Bình Thạnh,250000,250000,1
416,Đoàn Thị Tuấn,doanthituan_416,37,nam,"Đường Chu Văn An, Phường 26, Quận Bình Thạnh",12:00-14:00,2,1,0.5,Quận Bình Thạnh,140000,200000,1
417,Phạm Khánh Hải,phamkhanhhai_417,19,nữ,"Đường Nguyễn Đình Chiểu, Phường 4, Quận 3",10:00-12:00,76,15,0.197,Quận 3,115000,150000,1
418,Lê Quang Tuấn,lequangtuan_418,22,nữ,"Đường Nguyễn Thị Định, Phường Cát Lái, TP Thủ Đức",14:00-16:00,86,8,0.093,TP Thủ Đức,80000,175000,1
419,Vũ Thị Hiếu,vuthihieu_419,41,nam,"Đường Hậu Giang, Phường 9, Quận 6",16:00-18:00,19,7,0.368,Quận 6,190000,225000,1
420,Đoàn Văn My,doanvanmy_420,36,nữ,"Đường Đoàn Văn Bơ, Phường 9, Quận 4",20:00-22:00,32,25,0.781,Quận 4,130000,245000,1
421,Hoàng Tuấn Bảo,hoangtuanbao_421,52,nữ,"Đường Phan Văn Trị, Phường 10, Quận Gò Vấp",16:00-18:00,92,74,0.804,Quận Gò Vấp,225000,250000,1
422,Lý Tuấn Phong,lytuanphong_422,20,nữ,"Đường Bùi Văn Ba, Phường Tân Thuận Đông, Quận 7",08:00-10:00,68,15,0.221,Quận 7,170000,205000,1
423,Vũ Hoàng Ngọc,vuhoangngoc_423,43,nữ,"Đường Cống Quỳnh, Phường Nguyễn Cư Trinh, Quận 1",06:00-08:00,46,18,0.391,Quận 1,250000,250000,1
424,Đỗ Gia Uyên,dogiauyen_424,17,nam,"Đường Tô Ký, Phường Trung Mỹ Tây, Quận 12",19:00-21:00,34,17,0.5,Quận 12,220000,230000,1
425,Lê Minh Trung,leminhtrung_425,46,nữ,"Đường Lê Đức Thọ, Phường 16, Quận Gò Vấp",09:00-11:00,97,2,0.021,Quận Gò Vấp,155000,225000,1
426,Bùi Khánh Trung,buikhanhtrung_426,53,nữ,"Đường Lạc Long Quân, Phường 2, Quận 11",08:00-10:00,3,2,0.667,Quận 11,105000,140000,1
427,Đoàn Phú Châu,doanphuchau_427,16,nam,"Đường Trương Đình Hội, Phường 16, Quận 8",06:00-08:00,22,20,0.909,Quận 8,145000,225000,1
428,Lâm Đức Anh,lamducanh_428,20,nam,"Đường Xô Viết Nghệ Tĩnh, Phường 17, Quận Bình Thạnh",20:00-22:00,98,29,0.296,Quận Bình Thạnh,135000,180000,1
429,Dương Phú Hòa,duongphuhoa_429,50,nam,"Đường Huỳnh Mẫn Đạt, Phường 3, Quận 5",08:00-10:00,81,33,0.407,Quận 5,220000,240000,1
430,Bùi Nhật Hân,buinhathan_430,36,nữ,"Đường Hoàng Hữu Nam, Phường Tân Phú, TP Thủ Đức",20:00-22:00,88,32,0.364,TP Thủ Đức,200000,245000,1
431,Lâm Phú Yến,lamphuyen_431,48,nữ,"Đường Lương Nhữ Học, Phường 11, Quận 5",09:00-11:00,45,23,0.511,Quận 5,215000,240000,1
432,Phan Hồng Minh,phanhongminh_432,49,nữ,"Đường Sư Vạn Hạnh, Phường 9, Quận 10",07:00-09:00,2,0,0.0,Quận 10,115000,215000,1
433,Lý Khánh Loan,lykhanhloan_433,26,nam,"Đường Lê Văn Sỹ, Phường 12, Quận 3",16:00-18:00,83,34,0.41,Quận 3,50000,65000,1
434,Lê Đức Huy,leduchuy_434,30,nữ,"Đường An Dương Vương, Phường 10, Quận 6",14:00-16:00,15,8,0.533,Quận 6,120000,235000,1
435,Lê Minh Anh,leminhanh_435,55,không muốn tiết lộ,"Đường Phú Định, Phường 16, Quận 8",18:00-20:00,16,14,0.875,Quận 8,210000,250000,1
436,Trương Văn Mai,truongvanmai_436,40,nữ,"Đường Hai Bà Trưng, Phường Võ Thị Sáu, Quận 3",20:00-22:00,2,2,1.0,Quận 3,50000,65000,1
437,Phạm Khánh Hà,phamkhanhha_437,17,nữ,"Đường Tôn Thất Thuyết, Phường 15, Quận 4",19:00-21:00,9,8,0.889,Quận 4,75000,95000,1
438,Phan Phú Quang,phanphuquang_438,54,nữ,"Đường Lương Nhữ Học, Phường 10, Quận 5",18:00-20:00,1,1,1.0,Quận 5,145000,190000,1
439,Trần Ngọc Duy,tranngocduy_439,54,nữ,"Đường Phan Văn Trị, Phường 7, Quận Gò Vấp",20:00-22:00,37,22,0.595,Quận Gò Vấp,235000,235000,1
440,Huỳnh Nhật Phong,huynhnhatphong_440,51,nữ,"Đường Gò Dưa, Phường Tam Bình, TP Thủ Đức",07:00-09:00,1,1,1.0,TP Thủ Đức,80000,225000,1
441,Huỳnh Hoàng Trang,huynhhoangtrang_441,17,nam,"Đường Cây Keo, Phường Tam Phú, TP Thủ Đức",20:00-22:00,72,39,0.542,TP Thủ Đức,145000,185000,1
442,Bùi Thanh Nhật,buithanhnhat_442,49,nữ,"Đường Phan Anh, Phường 14, Quận 6",06:00-08:00,78,53,0.679,Quận 6,95000,245000,1
443,Đặng Hồng Phát,danghongphat_443,14,nữ,"Đường Huỳnh Tấn Phát, Phường Phú Mỹ, Quận 7",09:00-11:00,16,12,0.75,Quận 7,235000,250000,1
444,Lâm Thị Nga,lamthinga_444,50,nam,"Đường 3 Tháng 2, Phường 11, Quận 10",14:00-16:00,1,1,1.0,Quận 10,210000,230000,1
445,Nguyễn Anh Mai,nguyenanhmai_445,27,nữ,"Đường Phạm Viết Chánh, Phường 19, Quận Bình Thạnh",06:00-08:00,93,67,0.72,Quận Bình Thạnh,85000,240000,1
446,Bùi Minh Anh,buiminhanh_446,45,nữ,"Đường Nguyễn Oanh, Phường 7, Quận Gò Vấp",14:00-16:00,1,1,1.0,Quận Gò Vấp,195000,235000,1
447,Đoàn Hồng Phong,doanhongphong_447,27,nữ,"Đường Phạm Văn Đồng, Phường Linh Tây, TP Thủ Đức",06:00-08:00,8,2,0.25,TP Thủ Đức,50000,115000,1
448,Võ Thanh Châu,vothanhchau_448,39,nữ,"Đường Tân Kỳ Tân Quý, Phường Tân Quý, Quận Tân Phú",18:00-20:00,91,63,0.692,Quận Tân Phú,130000,185000,1
449,Huỳnh Phú Châu,huynhphuchau_449,34,nữ,"Đường Nơ Trang Long, Phường 12, Quận Bình Thạnh",09:00-11:00,46,30,0.652,Quận Bình Thạnh,60000,65000,1
450,Trần Minh My,tranminhmy_450,45,nam,"Đường Nguyễn Thị Tú, Phường Bình Hưng Hòa B, Quận Bình Tân",16:00-18:00,38,5,0.132,Quận Bình Tân,190000,240000,1
451,Lâm Phú Hương,lamphuhuong_451,16,nữ,"Đường Phạm Văn Đồng, Phường Linh Đông, TP Thủ Đức",07:00-09:00,96,75,0.781,TP Thủ Đức,235000,240000,1
452,Lý Hoàng Dũng,lyhoangdung_452,45,nữ,"Đường Phạm Văn Chí, Phường 4, Quận 6",09:00-11:00,28,12,0.429,Quận 6,225000,245000,1
453,Huỳnh Thị Hân,huynhthihan_453,36,nữ,"Đường Nguyễn Văn Trỗi, Phường 17, Quận Phú Nhuận",09:00-11:00,82,61,0.744,Quận Phú Nhuận,235000,235000,1
454,Đoàn Hoàng Châu,doanhoangchau_454,20,nữ,"Đường Nguyễn Chế Nghĩa, Phường 13, Quận 8",06:00-08:00,30,0,0.0,Quận 8,95000,175000,1
455,Trần Khánh Loan,trankhanhloan_455,19,nam,"Đường Hà Huy Giáp, Phường Thạnh Xuân, Quận 12",19:00-21:00,25,1,0.04,Quận 12,100000,195000,1
456,Huỳnh Đức Yến,huynhducyen_456,51,không muốn tiết lộ,"Đường Sư Vạn Hạnh, Phường 12, Quận 10",16:00-18:00,54,26,0.481,Quận 10,135000,160000,1
457,Võ Văn Anh,vovananh_457,24,nam,"Đường Gia Phú, Phường 3, Quận 6",07:00-09:00,43,23,0.535,Quận 6,175000,245000,1
458,Lý Khánh Thư,lykhanhthu_458,47,nam,"Đường Quang Trung, Phường 12, Quận Gò Vấp",16:00-18:00,54,52,0.963,Quận Gò Vấp,110000,135000,1
459,Lâm Hoàng Bình,lamhoangbinh_459,23,nữ,"Đường Bình Phú, Phường 10, Quận 6",06:00-08:00,67,19,0.284,Quận 6,220000,245000,1
460,Võ Hồng Thư,vohongthu_460,42,nữ,"Đường Phan Văn Trị, Phường 10, Quận Gò Vấp",20:00-22:00,9,4,0.444,Quận Gò Vấp,55000,190000,1
461,Nguyễn Thị Nam,nguyenthinam_461,42,nam,"Đường Tân Sơn Nhì, Phường Tân Sơn Nhì, Quận Tân Phú",18:00-20:00,87,78,0.897,Quận Tân Phú,90000,170000,1
462,Lâm Phú Trung,lamphutrung_462,14,nam,"Đường Nguyễn Thị Tần, Phường 2, Quận 8",20:00-22:00,87,72,0.828,Quận 8,80000,165000,1
463,Mai Phú Thắng,maiphuthang_463,52,nữ,"Đường Quốc Lộ 1A, Phường Đông Hưng Thuận, Quận 12",12:00-14:00,67,9,0.134,Quận 12,145000,175000,1
464,Nguyễn Ngọc Sơn,nguyenngocson_464,44,nam,"Đường Trương Văn Bang, Phường An Lợi Đông, TP Thủ Đức",14:00-16:00,17,4,0.235,TP Thủ Đức,60000,185000,1
465,Lâm Gia Hiếu,lamgiahieu_465,37,nữ,"Đường Võ Thị Sáu, Phường Tân Định, Quận 1",20:00-22:00,87,70,0.805,Quận 1,205000,220000,1
466,Trương Hoàng Long,truonghoanglong_466,59,không muốn tiết lộ,"Đường Nguyễn Xí, Phường 13, Quận Bình Thạnh",12:00-14:00,54,33,0.611,Quận Bình Thạnh,165000,245000,1
467,Đoàn Anh Bảo,doananhbao_467,17,nam,"Đường Nguyễn Tri Phương, Phường 8, Quận 10",16:00-18:00,17,9,0.529,Quận 10,245000,250000,1
468,Huỳnh Đức Nga,huynhducnga_468,16,nữ,"Đường Lê Hồng Phong, Phường 4, Quận 5",06:00-08:00,7,6,0.857,Quận 5,205000,245000,1
469,Đoàn Minh Sơn,doanminhson_469,54,nữ,"Đường Tân Hòa Đông, Phường 13, Quận 6",10:00-12:00,71,49,0.69,Quận 6,90000,105000,1
470,Trần Phú Hương,tranphuhuong_470,49,nữ,"Đường Hương Lộ 2, Phường Bình Trị Đông, Quận Bình Tân",12:00-14:00,51,39,0.765,Quận Bình Tân,185000,225000,1
471,Mai Ngọc Phát,maingocphat_471,59,nữ,"Đường Trần Trọng Cung, Phường Tân Thuận Đông, Quận 7",19:00-21:00,56,36,0.643,Quận 7,220000,230000,1
472,Vũ Hồng Hải,vuhonghai_472,57,không muốn tiết lộ,"Đường Trường Sa, Phường 13, Quận 3",16:00-18:00,8,6,0.75,Quận 3,170000,175000,1
473,Nguyễn Thị Vân,nguyenthivan_473,35,nam,"Đường Huỳnh Tấn Phát, Phường Bình Thuận, Quận 7",16:00-18:00,24,10,0.417,Quận 7,75000,185000,1
474,Bùi Thị Châu,buithichau_474,14,nữ,"Đường Hà Huy Giáp, Phường Thạnh Xuân, Quận 12",07:00-09:00,89,83,0.933,Quận 12,190000,220000,1
475,Lâm Anh Thư,lamanhthu_475,59,nam,"Đường Trịnh Đình Trọng, Phường Phú Trung, Quận Tân Phú",12:00-14:00,3,2,0.667,Quận Tân Phú,125000,165000,1
476,Lý Tuấn Tuấn,lytuantuan_476,60,nam,"Đường Bình Tiên, Phường 7, Quận 6",08:00-10:00,25,24,0.96,Quận 6,175000,230000,1
477,Phan Phú Ngọc,phanphungoc_477,27,không muốn tiết lộ,"Đường Nơ Trang Long, Phường 14, Quận Bình Thạnh",08:00-10:00,51,10,0.196,Quận Bình Thạnh,55000,220000,1
478,Hoàng Quang Hiếu,hoangquanghieu_478,55,nam,"Đường Phan Xích Long, Phường 7, Quận Phú Nhuận",06:00-08:00,40,29,0.725,Quận Phú Nhuận,145000,215000,1
479,Đặng Nhật Bình,dangnhatbinh_479,46,nam,"Đường Trần Hưng Đạo, Phường 6, Quận 5",19:00-21:00,11,10,0.909,Quận 5,55000,225000,1
480,Huỳnh Hoàng Vân,huynhhoangvan_480,50,nữ,"Đường Phan Huy Ích, Phường 12, Quận Gò Vấp",08:00-10:00,79,53,0.671,Quận Gò Vấp,50000,185000,1
481,Dương Văn Lan,duongvanlan_481,16,nam,"Đường Quang Trung, Phường 8, Quận Gò Vấp",19:00-21:00,4,0,0.0,Quận Gò Vấp,95000,145000,1
482,Nguyễn Đức Long,nguyenduclong_482,18,nữ,"Đường Rạch Bùng Binh, Phường 10, Quận 3",20:00-22:00,65,48,0.738,Quận 3,250000,250000,1
483,Phan Văn Việt,phanvanviet_483,35,nữ,"Đường Trường Chinh, Phường Tây Thạnh, Quận Tân Phú",12:00-14:00,17,1,0.059,Quận Tân Phú,160000,240000,1
484,Hoàng Ngọc Hà,hoangngocha_484,52,nam,"Đường Mã Lò, Phường Bình Hưng Hòa A, Quận Bình Tân",07:00-09:00,15,0,0.0,Quận Bình Tân,130000,165000,1
485,Đoàn Quang Hòa,doanquanghoa_485,19,nam,"Đường Thống Nhất, Phường 11, Quận Gò Vấp",14:00-16:00,46,17,0.37,Quận Gò Vấp,215000,250000,1
486,Vũ Đức Bảo,vuducbao_486,16,không muốn tiết lộ,"Đường Nguyễn Duy Trinh, Phường Phú Hữu, TP Thủ Đức",08:00-10:00,35,25,0.714,TP Thủ Đức,150000,200000,1
487,Trương Khánh Tuấn,truongkhanhtuan_487,42,không muốn tiết lộ,"Đường Yersin, Phường Cầu Ông Lãnh, Quận 1",10:00-12:00,73,23,0.315,Quận 1,90000,195000,1
488,Bùi Khánh Quân,buikhanhquan_488,53,nam,"Đường Phạm Văn Hai, Phường 1, Quận Tân Bình",06:00-08:00,76,70,0.921,Quận Tân Bình,120000,210000,1
489,Bùi Thị Anh,buithianh_489,48,nữ,"Đường Trần Hưng Đạo, Phường 2, Quận 5",20:00-22:00,61,33,0.541,Quận 5,240000,245000,1
490,Huỳnh Phú Trung,huynhphutrung_490,60,nữ,"Đường Trường Sa, Phường 13, Quận Phú Nhuận",10:00-12:00,95,7,0.074,Quận Phú Nhuận,55000,145000,1
491,Huỳnh Đức Hiếu,huynhduchieu_491,51,nữ,"Đường Ung Văn Khiêm, Phường 25, Quận Bình Thạnh",07:00-09:00,99,96,0.97,Quận Bình Thạnh,155000,195000,1
492,Bùi Hồng Duy,buihongduy_492,19,nữ,"Đường Mai Chí Thọ, Phường An Lợi Đông, TP Thủ Đức",14:00-16:00,59,32,0.542,TP Thủ Đức,145000,200000,1
493,Mai Nhật Quân,mainhatquan_493,59,nữ,"Đường Ông Ích Khiêm, Phường 3, Quận 11",08:00-10:00,40,0,0.0,Quận 11,175000,180000,1
494,Lê Thanh Châu,lethanhchau_494,41,nữ,"Đường Chu Văn An, Phường 2, Quận 6",08:00-10:00,20,7,0.35,Quận 6,70000,155000,1
495,Dương Khánh Hải,duongkhanhhai_495,51,nữ,"Đường Quốc Lộ 1A, Phường An Phú Đông, Quận 12",08:00-10:00,11,3,0.273,Quận 12,170000,200000,1
496,Phan Văn Hiếu,phanvanhieu_496,60,nữ,"Đường Hùng Vương, Phường 12, Quận 5",16:00-18:00,70,41,0.586,Quận 5,95000,170000,1
497,Trần Nhật Thắng,trannhatthang_497,35,nữ,"Đường Phạm Thế Hiển, Phường 5, Quận 8",18:00-20:00,25,10,0.4,Quận 8,200000,240000,1
498,Đoàn Tuấn Huy,doantuanhuy_498,44,nam,"Đường Tản Đà, Phường 11, Quận 5",06:00-08:00,26,10,0.385,Quận 5,130000,250000,1
499,Đặng Thị Trinh,dangthitrinh_499,47,nam,"Đường Sư Vạn Hạnh, Phường 10, Quận 10",20:00-22:00,81,39,0.481,Quận 10,165000,210000,1
500,Lê Khánh Hiếu,lekhanhhieu_500,23,nữ,"Đường Nguyễn Trãi, Phường 8, Quận 5",19:00-21:00,100,60,0.6,Quận 5,95000,95000,1
